movie_id,image_url,movie_title,year_released
scream-2022,film-poster/5/7/2/1/1/9/572119-scream-0-230-0-345-crop,Scream,2022
companion-2025,film-poster/9/7/7/1/7/2/977172-companion-2025-0-230-0-345-crop,Companion,2025
anora,film-poster/9/5/9/5/4/0/959540-anora-0-230-0-345-crop,Anora,2024
carry-on-2024,film-poster/9/0/5/8/7/6/905876-carry-on-2024-0-230-0-345-crop,Carry-On,2024
babygirl-2024,film-poster/9/8/9/1/2/5/989125-babygirl-2024-0-230-0-345-crop,Babygirl,2024
how-the-grinch-stole-christmas-2000,film-poster/4/7/5/5/3/47553-the-grinch-0-230-0-345-crop,How the Grinch Stole Christmas,2000
the-wild-robot,film-poster/1/0/7/1/1/9/6/1071196-the-wild-robot-0-230-0-345-crop,The Wild Robot,2024
gladiator-ii,film-poster/4/8/6/9/7/8/486978-gladiator-ii-0-230-0-345-crop,Gladiator II,2024
speak-no-evil-2024,film-poster/1/0/0/4/5/3/1/1004531-speak-no-evil-0-230-0-345-crop,Speak No Evil,2024
nocturnal-animals,sm/upload/nu/i0/7z/nd/oHL437Dz1TGQMlKfpE6rSQJgMxb-0-230-0-345-crop,Nocturnal Animals,2016
the-substance,film-poster/8/3/8/1/4/0/838140-the-substance-0-230-0-345-crop,The Substance,2024
the-descent,film-poster/4/7/2/0/4/47204-the-descent-0-230-0-345-crop,The Descent,2005
trap-2024,film-poster/9/3/1/1/6/4/931164-trap-0-230-0-345-crop,Trap,2024
watcher,film-poster/7/2/4/2/8/9/724289-watcher-0-230-0-345-crop,Watcher,2022
portrait-of-a-lady-on-fire,film-poster/4/6/0/8/3/0/460830-portrait-of-a-lady-on-fire-0-230-0-345-crop,Portrait of a Lady on Fire,2019
twisters,film-poster/6/4/1/6/0/8/641608-twisters-0-230-0-345-crop,Twisters,2024
the-proposal-2009,film-poster/4/0/4/7/9/40479-the-proposal-0-230-0-345-crop,The Proposal,2009
alien-romulus,film-poster/8/5/0/4/5/9/850459-alien-romulus-0-230-0-345-crop,Alien: Romulus,2024
love-lies-bleeding-2024,film-poster/8/5/3/0/1/1/853011-love-lies-bleeding-0-230-0-345-crop,Love Lies Bleeding,2024
x-2022,film-poster/6/8/0/3/5/8/680358-x-0-230-0-345-crop,X,2022
a-quiet-place-day-one,film-poster/6/8/2/5/3/5/682535-a-quiet-place-day-one-0-230-0-345-crop,A Quiet Place: Day One,2024
inside-out-2-2024,film-poster/9/2/1/5/7/8/921578-inside-out-2-0-230-0-345-crop,Inside Out 2,2024
spirited-away,film-poster/5/1/9/2/1/51921-spirited-away-0-230-0-345-crop,Spirited Away,2001
old-2021,film-poster/5/5/8/0/5/4/558054-old-0-230-0-345-crop,Old,2021
carol-2015,film-poster/1/8/2/1/4/2/182142-carol-0-230-0-345-crop,Carol,2015
superbad,film-poster/4/7/7/7/6/47776-superbad-0-230-0-345-crop,Superbad,2007
but-im-a-cheerleader,film-poster/3/8/8/0/0/38800-but-i-m-a-cheerleader-0-230-0-345-crop,But I'm a Cheerleader,1999
the-idea-of-you-2024,film-poster/7/5/8/3/9/7/758397-the-idea-of-you-0-230-0-345-crop,The Idea of You,2024
anyone-but-you,film-poster/9/6/6/9/9/0/966990-anyone-but-you-0-230-0-345-crop,Anyone But You,2023
the-handmaiden,sm/upload/pc/n6/pz/mi/wvzfK5QR6dGLwND8MCzWjsQWG4Q-0-230-0-345-crop,The Handmaiden,2016
drive-2011,sm/upload/6d/6l/r3/e9/nu7XIa67cXc2t7frXCE5voXUJcN,Drive,2011
midsommar,film-poster/4/5/9/5/6/4/459564-midsommar-0-230-0-345-crop,Midsommar,2019
bodies-bodies-bodies,film-poster/4/4/9/4/4/2/449442-bodies-bodies-bodies-0-230-0-345-crop,Bodies Bodies Bodies,2022
anatomy-of-a-fall,film-poster/8/2/2/0/9/3/822093-anatomy-of-a-fall-0-230-0-345-crop,Anatomy of a Fall,2023
dune-part-two,film-poster/6/1/7/4/4/3/617443-dune-part-two-0-230-0-345-crop,Dune: Part Two,2024
palm-springs-2020,film-poster/5/1/5/4/6/7/515467-palm-springs-0-230-0-345-crop,Palm Springs,2020
mean-girls-2024,film-poster/5/9/8/2/7/4/598274-mean-girls-0-230-0-345-crop,Mean Girls,2024
leave-the-world-behind-2023,film-poster/6/4/8/8/6/9/648869-leave-the-world-behind-0-230-0-345-crop,Leave the World Behind,2023
wonka,film-poster/7/0/6/0/8/3/706083-wonka-0-230-0-345-crop,Wonka,2023
the-hunger-games-the-ballad-of-songbirds-snakes,film-poster/6/1/9/5/1/0/619510-the-hunger-games-the-ballad-of-songbirds-snakes-0-230-0-345-crop,The Hunger Games: The Ballad of Songbirds & Snakes,2023
the-menu-2022,film-poster/5/2/1/3/2/3/521323-the-menu-0-230-0-345-crop,The Menu,2022
oppenheimer-2023,film-poster/7/8/4/3/2/8/784328-oppenheimer-0-230-0-345-crop,Oppenheimer,2023
bottoms,film-poster/7/3/1/2/2/2/731222-bottoms-0-230-0-345-crop,Bottoms,2023
thor-ragnarok,film-poster/2/0/9/3/8/2/209382-thor-ragnarok-0-230-0-345-crop,Thor: Ragnarok,2017
blade-runner-2049,film-poster/2/6/5/4/3/9/265439-blade-runner-2049-0-230-0-345-crop,Blade Runner 2049,2017
coraline,film-poster/4/2/7/7/9/42779-coraline-0-230-0-345-crop,Coraline,2009
mulan,sm/upload/yz/dm/zk/5z/5vG3XyQNxOkl2Qd7D8MzMoY6sm2-0-230-0-345-crop,Mulan,1998
barbie,film-poster/2/7/7/0/6/4/277064-barbie-0-230-0-345-crop,Barbie,2023
king-richard,film-poster/5/4/1/9/9/8/541998-king-richard-0-230-0-345-crop,King Richard,2021
interstellar,film-poster/1/1/7/6/2/1/117621-interstellar-0-230-0-345-crop,Interstellar,2014
no-hard-feelings-2023,film-poster/7/9/5/8/9/7/795897-no-hard-feelings-0-230-0-345-crop,No Hard Feelings,2023
guardians-of-the-galaxy-vol-3,film-poster/3/7/9/7/1/1/379711-guardians-of-the-galaxy-volume-3-0-230-0-345-crop,Guardians of the Galaxy Vol. 3,2023
i-care-a-lot,film-poster/5/2/9/2/0/3/529203-i-care-a-lot-0-230-0-345-crop,I Care a Lot,2020
fear-street-1994,film-poster/5/1/8/7/8/7/518787-fear-street-part-one-1994-0-230-0-345-crop,Fear Street: 1994,2021
the-hunger-games-mockingjay-part-2,sm/upload/tq/6c/uw/7r/nN4cEJMHJHbJBsp3vvvhtNWLGqg-0-230-0-345-crop,The Hunger Games: Mockingjay – Part 2,2015
the-platform,film-poster/5/4/5/9/8/5/545985-the-platform-0-230-0-345-crop,The Platform,2019
pitch-perfect,sm/upload/yw/kc/ma/m9/cLUMPdwCV0Dxd3P1ZkCXe7bVImI-0-230-0-345-crop,Pitch Perfect,2012
do-revenge,film-poster/6/8/3/1/9/4/683194-do-revenge-0-230-0-345-crop,Do Revenge,2022
monsters-university,sm/upload/jp/xk/2p/xm/rmhqxsa5RDlcDDGWnGr8t5IG6Fw-0-230-0-345-crop,Monsters University,2013
jumanji-welcome-to-the-jungle,sm/upload/j1/1c/as/56/bUzOyCgsb6FLXco6mxaNufY0joi-0-230-0-345-crop,Jumanji: Welcome to the Jungle,2017
the-hunger-games-mockingjay-part-1,film-poster/1/0/1/9/9/1/101991-the-hunger-games-mockingjay-part-1-0-230-0-345-crop,The Hunger Games: Mockingjay – Part 1,2014
now-you-see-me,sm/upload/10/vk/qc/6e/1NybAlflbmRXMIr9WoYxtlt1b6m-0-230-0-345-crop,Now You See Me,2013
10-cloverfield-lane,film-poster/2/6/1/8/9/1/261891-10-cloverfield-lane-0-230-0-345-crop,10 Cloverfield Lane,2016
kung-fu-panda,sm/upload/wn/0t/9w/2v/mk3UyyaLyXhgIhmLji25OUPXvGR-0-230-0-345-crop,Kung Fu Panda,2008
okja,film-poster/3/2/2/1/1/0/322110-okja-0-230-0-345-crop,Okja,2017
wreck-it-ralph,film-poster/6/9/1/5/4/69154-wreck-it-ralph-0-230-0-345-crop,Wreck-It Ralph,2012
john-wick-chapter-3-parabellum,film-poster/3/9/0/0/3/9/390039-john-wick-chapter-3-parabellum-0-230-0-345-crop,John Wick: Chapter 3 – Parabellum,2019
finding-dory,film-poster/9/9/4/0/2/99402-finding-dory-0-230-0-345-crop,Finding Dory,2016
shazam,film-poster/2/1/3/1/9/0/213190-shazam--0-230-0-345-crop,Shazam!,2019
the-edge-of-seventeen,film-poster/3/1/1/8/9/4/311894-the-edge-of-seventeen-0-230-0-345-crop,The Edge of Seventeen,2016
john-wick-chapter-2,sm/upload/wb/rc/zd/o6/fWz9LMfdES80BsJKucgzI5ZJhnB-0-230-0-345-crop,John Wick: Chapter 2,2017
cars,sm/upload/de/kp/63/hd/dWg33ektXuHmxjSjEulwDPTWbC2-0-230-0-345-crop,Cars,2006
the-hangover,film-poster/4/0/1/0/0/40100-the-hangover-0-230-0-345-crop,The Hangover,2009
bird-box,film-poster/3/4/0/2/0/2/340202-bird-box-0-230-0-345-crop,Bird Box,2018
corpse-bride,sm/upload/v1/h6/lc/lu/o9GbcdP7rOg2m1NyUnUR3ZwNcTE-0-230-0-345-crop,Corpse Bride,2005
fantastic-beasts-and-where-to-find-them,film-poster/1/8/2/9/1/0/182910-fantastic-beasts-and-where-to-find-them-0-230-0-345-crop,Fantastic Beasts and Where to Find Them,2016
charlie-and-the-chocolate-factory,film-poster/5/1/9/3/2/51932-charlie-and-the-chocolate-factory-0-230-0-345-crop,Charlie and the Chocolate Factory,2005
the-amazing-spider-man-2,sm/upload/fs/xh/ms/hx/9HFdUfEuvbsaBfroPZNeDiA9W9-0-230-0-345-crop,The Amazing Spider-Man 2,2014
a-quiet-place-part-ii,film-poster/4/5/0/3/3/7/450337-a-quiet-place-part-ii-0-230-0-345-crop,A Quiet Place Part II,2020
the-invisible-man-2020,film-poster/4/9/9/0/8/5/499085-the-invisible-man-0-230-0-345-crop,The Invisible Man,2020
ready-player-one,film-poster/2/6/1/8/6/6/261866-ready-player-one-0-230-0-345-crop,Ready Player One,2018
the-hunger-games-catching-fire,sm/upload/0a/6m/bl/rt/esWEsDI83IYqUBGSN69hb4A1Vfu-0-230-0-345-crop,The Hunger Games: Catching Fire,2013
it-chapter-two,film-poster/4/0/5/5/4/5/405545-it-chapter-two-0-230-0-345-crop,It Chapter Two,2019
jennifers-body,film-poster/3/9/3/0/5/39305-jennifer-s-body-0-230-0-345-crop,Jennifer's Body,2009
frozen-2013,sm/upload/6w/m8/pw/94/eFnGmj63QPUpK7QUWSOUhypIQOT-0-230-0-345-crop,Frozen,2013
room-2015,sm/upload/19/uq/1o/de/eqFckcHuFCT1FrzLOAvXBb4jHwq-0-230-0-345-crop,Room,2015
black-panther-wakanda-forever,film-poster/4/3/5/4/6/0/435460-black-panther-wakanda-forever-0-230-0-345-crop,Black Panther: Wakanda Forever,2022
big-hero-6,sm/upload/hu/db/3b/mm/q6WZxPlic8hpKzCxnzWOFCCLQfo-0-230-0-345-crop,Big Hero 6,2014
cruella,film-poster/2/6/6/6/7/6/266676-cruella-0-230-0-345-crop,Cruella,2021
twilight-2008,film-poster/4/7/4/6/9/47469-twilight-0-230-0-345-crop,Twilight,2008
spider-man-3,sm/upload/gi/zi/fp/69/uC2pAMjb32NIgQ1GdC1Bl6LZJc2-0-230-0-345-crop,Spider-Man 3,2007
moana-2016,film-poster/2/0/1/9/0/9/201909-moana-0-230-0-345-crop,Moana,2016
tangled-2010,sm/upload/0w/h1/le/1p/632CtNOARAuWYfdjoYn6ooP3BHQ-0-230-0-345-crop,Tangled,2010
birds-of-prey-and-the-fantabulous-emancipation-of-one-harley-quinn,film-poster/4/2/6/1/3/1/426131-birds-of-prey-and-the-fantabulous-emancipation-of-one-har-0-230-0-345-crop,Birds of Prey (and the Fantabulous Emancipation of One Harley Quinn),2020
toy-story-2,film-poster/5/1/2/8/9/51289-toy-story-2-0-230-0-345-crop,Toy Story 2,1999
the-devil-wears-prada,film-poster/5/1/7/1/2/51712-the-devil-wears-prada-0-230-0-345-crop,The Devil Wears Prada,2006
zootopia,film-poster/1/9/2/4/1/0/192410-zootopia-0-230-0-345-crop,Zootopia,2016
suicide-squad-2016,sm/upload/t0/3y/yr/rs/n3rm3gxguxzFDlygpROV7RHbELe-0-230-0-345-crop,Suicide Squad,2016
harry-potter-and-the-half-blood-prince,film-poster/5/1/3/8/5/51385-harry-potter-and-the-half-blood-prince-0-230-0-345-crop,Harry Potter and the Half-Blood Prince,2009
harry-potter-and-the-deathly-hallows-part-1,sm/upload/u8/tj/88/3v/harry-potter-and-the-deathly-hallows-part-i-original-0-230-0-345-crop,Harry Potter and the Deathly Hallows: Part 1,2010
toy-story-3,film-poster/4/6/4/5/8/46458-toy-story-3-0-230-0-345-crop,Toy Story 3,2010
wonder-woman-2017,film-poster/2/2/5/0/2/7/225027-wonder-woman-0-230-0-345-crop,Wonder Woman,2017
harry-potter-and-the-order-of-the-phoenix,sm/upload/wd/w4/n0/yj/g6n8G0xPnBVUIKKK41sNmbZB5h4-0-230-0-345-crop,Harry Potter and the Order of the Phoenix,2007
turning-red,film-poster/4/3/8/7/2/7/438727-turning-red-0-230-0-345-crop,Turning Red,2022
the-hunger-games,sm/upload/x3/tw/wu/z4/vAkjFEm76Lu5hSevquxPgQ91OtI-0-230-0-345-crop,The Hunger Games,2012
luca-2021,film-poster/4/3/8/7/2/2/438722-luca-0-230-0-345-crop,Luca,2021
harry-potter-and-the-deathly-hallows-part-2,film-poster/4/4/5/8/0/44580-harry-potter-and-the-deathly-hallows-part-2-0-230-0-345-crop,Harry Potter and the Deathly Hallows: Part 2,2011
split-2016,sm/upload/5e/pw/vs/km/8CHJcVc5IGXS1sC5DyjeMwTDEQH-0-230-0-345-crop,Split,2016
john-wick,film-poster/1/7/2/0/7/6/172076-john-wick-0-230-0-345-crop,John Wick,2014
dont-worry-darling,film-poster/5/4/6/3/4/7/546347-don-t-worry-darling-0-230-0-345-crop,Don't Worry Darling,2022
harry-potter-and-the-chamber-of-secrets,sm/upload/rj/yc/zl/ex/g8IQhqYYLERU0UxjVaySP46PFEZ-0-230-0-345-crop,Harry Potter and the Chamber of Secrets,2002
home-alone,sm/upload/e6/mn/oi/ky/8IWPBT1rkAaI8Kpk5V3WfQRklJ7-0-230-0-345-crop,Home Alone,1990
harry-potter-and-the-goblet-of-fire,film-poster/5/1/4/5/0/51450-harry-potter-and-the-goblet-of-fire-0-230-0-345-crop,Harry Potter and the Goblet of Fire,2005
ant-man,film-poster/8/3/5/5/7/83557-ant-man-0-230-0-345-crop,Ant-Man,2015
shrek,film-poster/5/1/3/4/4/51344-shrek-0-230-0-345-crop,Shrek,2001
mean-girls,film-poster/4/6/0/4/9/46049-mean-girls-0-230-0-345-crop,Mean Girls,2004
rogue-one-a-star-wars-story,film-poster/2/5/8/1/2/8/258128-rogue-one-a-star-wars-story-0-230-0-345-crop,Rogue One: A Star Wars Story,2016
bullet-train,film-poster/6/4/1/9/6/1/641961-bullet-train-0-230-0-345-crop,Bullet Train,2022
monsters-inc,sm/upload/r0/m8/t4/gs/7m1wKo1rM9QL5DMJCAs66bDQVYC-0-230-0-345-crop,"Monsters, Inc.",2001
the-suicide-squad,film-poster/3/6/9/8/3/5/369835-the-suicide-squad-0-230-0-345-crop,The Suicide Squad,2021
finding-nemo,film-poster/2/7/0/5/2705-finding-nemo-0-230-0-345-crop,Finding Nemo,2003
500-days-of-summer,film-poster/3/9/3/5/0/39350--500-days-of-summer-0-230-0-345-crop,(500) Days of Summer,2009
avatar-the-way-of-water,film-poster/6/3/0/5/8/63058-avatar-the-way-of-water-0-230-0-345-crop,Avatar: The Way of Water,2022
bohemian-rhapsody,film-poster/3/5/8/2/2/2/358222-bohemian-rhapsody-0-230-0-345-crop,Bohemian Rhapsody,2018
ex-machina-2015,film-poster/1/8/7/9/8/6/187986-ex-machina-0-230-0-345-crop,Ex Machina,2015
the-incredibles,film-poster/4/6/8/0/6/46806-the-incredibles-0-230-0-345-crop,The Incredibles,2004
harry-potter-and-the-philosophers-stone,sm/upload/5t/cj/6w/6e/harrypotter2-0-230-0-345-crop,Harry Potter and the Philosopher's Stone,2001
harry-potter-and-the-prisoner-of-azkaban,sm/upload/a3/0q/kf/h8/jUFjMoLh8T2CWzHUSjKCojI5SHu-0-230-0-345-crop,Harry Potter and the Prisoner of Azkaban,2004
walle,film-poster/4/5/9/9/4/45994-walle-0-230-0-345-crop,WALL·E,2008
it-2017,sm/upload/w3/47/76/am/6uDpMsdn8bbZScDptbika5JEtSH-0-230-0-345-crop,It,2017
avatar,sm/upload/1p/mh/li/l2/b7nR3eKeTOwHPKmDLUWunIGasKo-0-230-0-345-crop,Avatar,2009
up,film-poster/4/3/3/0/2/43302-up-0-230-0-345-crop,Up,2009
a-quiet-place-2018,film-poster/3/7/9/6/8/7/379687-a-quiet-place-0-230-0-345-crop,A Quiet Place,2018
the-perks-of-being-a-wallflower,sm/upload/zz/o0/mz/sv/fyYncUQh5gUTvxmQ4bigm2DVCv7-0-230-0-345-crop,The Perks of Being a Wallflower,2012
inside-out-2015,film-poster/1/1/3/2/8/4/113284-inside-out-0-230-0-345-crop,Inside Out,2015
deadpool,film-poster/2/2/0/5/7/5/220575-deadpool-0-230-0-345-crop,Deadpool,2016
soul-2020,film-poster/4/3/8/5/1/1/438511-soul-0-230-0-345-crop,Soul,2020
ratatouille,sm/upload/n8/rl/pc/se/jEiEU8viSb8CIIHcfprVr2V6XDz-0-230-0-345-crop,Ratatouille,2007
doctor-strange-in-the-multiverse-of-madness,film-poster/3/8/5/5/1/1/385511-doctor-strange-in-the-multiverse-of-madness-0-230-0-345-crop,Doctor Strange in the Multiverse of Madness,2022
shutter-island,film-poster/4/5/4/0/9/45409-shutter-island-0-230-0-345-crop,Shutter Island,2010
guardians-of-the-galaxy,film-poster/9/3/6/7/6/93676-guardians-of-the-galaxy-0-230-0-345-crop,Guardians of the Galaxy,2014
se7en,film-poster/5/1/3/4/5/51345-se7en-0-230-0-345-crop,Se7en,1995
her,sm/upload/au/nb/i6/lq/fsoTLnUXEUTNuVCBxAJMY0HPPd-0-230-0-345-crop,Her,2013
black-panther,film-poster/2/0/9/3/8/3/209383-black-panther-0-230-0-345-crop,Black Panther,2018
eternal-sunshine-of-the-spotless-mind,sm/upload/ay/bp/kl/1y/uBfQ7IGpi0jXSP3GPCzp9Pzm10v-0-230-0-345-crop,Eternal Sunshine of the Spotless Mind,2004
avengers-endgame,film-poster/2/2/6/6/6/0/226660-avengers-endgame-0-230-0-345-crop,Avengers: Endgame,2019
avengers-infinity-war,film-poster/2/2/6/6/6/1/226661-avengers-infinity-war-0-230-0-345-crop,Avengers: Infinity War,2018
gone-girl,film-poster/1/4/9/8/5/7/149857-gone-girl-0-230-0-345-crop,Gone Girl,2014
dune-2021,sm/upload/nx/8b/vs/gc/cDbNAY0KM84cxXhmj8f0dLWza3t-0-230-0-345-crop,Dune,2021
spider-man-no-way-home,film-poster/5/6/0/7/8/7/560787-spider-man-no-way-home-0-230-0-345-crop,Spider-Man: No Way Home,2021
get-out-2017,film-poster/3/5/3/1/1/7/353117-get-out-0-230-0-345-crop,Get Out,2017
joker-2019,film-poster/4/0/6/7/7/5/406775-joker-0-230-0-345-crop,Joker,2019
knives-out-2019,film-poster/4/7/5/3/7/0/475370-knives-out-0-230-0-345-crop,Knives Out,2019
parasite-2019,film-poster/4/2/6/4/0/6/426406-parasite-0-230-0-345-crop,Parasite,2019
wallace-gromit-vengeance-most-fowl,film-poster/8/3/4/5/6/1/834561-wallace-gromit-vengeance-most-fowl-0-230-0-345-crop,Wallace & Gromit: Vengeance Most Fowl,2024
no-country-for-old-men,sm/upload/dr/hr/pz/ez/ehLb2SQ3djlA1FrQKbP2WO3VH09-0-230-0-345-crop,No Country for Old Men,2007
the-exorcist,film-poster/4/7/0/4/8/47048-the-exorcist-0-230-0-345-crop,The Exorcist,1973
titanic-1997,film-poster/5/1/5/2/4/51524-titanic-0-230-0-345-crop,Titanic,1997
jurassic-park,sm/upload/1g/zz/ez/d8/yyCKYaW908ZbpexpnBJ3p8o87HA-0-230-0-345-crop,Jurassic Park,1993
licorice-pizza,film-poster/6/4/1/0/8/6/641086-licorice-pizza-0-230-0-345-crop,Licorice Pizza,2021
the-matrix,film-poster/5/1/5/1/8/51518-the-matrix-0-230-0-345-crop,The Matrix,1999
fargo,film-poster/5/1/7/8/1/51781-fargo-0-230-0-345-crop,Fargo,1996
the-virgin-suicides,film-poster/5/1/0/2/4/51024-the-virgin-suicides-0-230-0-345-crop,The Virgin Suicides,1999
the-girl-with-the-dragon-tattoo-2011,sm/upload/0a/ec/72/pb/zHGxi75Ugw69jtCmOK8TvwU588z-0-230-0-345-crop,The Girl with the Dragon Tattoo,2011
pulp-fiction,film-poster/5/1/4/4/4/51444-pulp-fiction-0-230-0-345-crop,Pulp Fiction,1994
django-unchained,film-poster/5/2/5/1/6/52516-django-unchained-0-230-0-345-crop,Django Unchained,2012
boogie-nights,film-poster/4/9/0/0/7/49007-boogie-nights-0-230-0-345-crop,Boogie Nights,1997
catch-me-if-you-can-2002,film-poster/5/1/4/8/4/51484-catch-me-if-you-can-0-230-0-345-crop,Catch Me If You Can,2002
its-a-wonderful-life,film-poster/5/0/9/4/9/50949-it-s-a-wonderful-life-0-230-0-345-crop,It's a Wonderful Life,1946
goodfellas,film-poster/5/1/3/8/3/51383-goodfellas-0-230-0-345-crop,GoodFellas,1990
nomadland,film-poster/5/0/9/6/6/2/509662-nomadland-0-230-0-345-crop,Nomadland,2020
taxi-driver,film-poster/5/1/9/4/7/51947-taxi-driver-0-230-0-345-crop,Taxi Driver,1976
the-godfather,film-poster/5/1/8/1/8/51818-the-godfather-0-230-0-345-crop,The Godfather,1972
possession,sm/upload/8c/pk/z8/4v/aIjO3kraeaD4MDBSef3rTO2vIuZ-0-230-0-345-crop,Possession,1981
mad-max-fury-road,film-poster/6/2/7/8/0/62780-mad-max-fury-road-0-230-0-345-crop,Mad Max: Fury Road,2015
frances-ha,film-poster/9/6/0/8/3/96083-frances-ha-0-230-0-345-crop,Frances Ha,2012
rear-window,film-poster/5/1/5/5/2/51552-rear-window-0-230-0-345-crop,Rear Window,1954
uncut-gems,film-poster/4/0/4/2/6/6/404266-uncut-gems-0-230-0-345-crop,Uncut Gems,2019
the-irishman-2019,film-poster/3/3/3/2/0/3/333203-the-irishman-0-230-0-345-crop,The Irishman,2019
the-wolf-of-wall-street,film-poster/8/6/1/1/4/86114-the-wolf-of-wall-street-0-230-0-345-crop,The Wolf of Wall Street,2013
inside-llewyn-davis,film-poster/7/3/3/6/7/73367-inside-llewyn-davis-0-230-0-345-crop,Inside Llewyn Davis,2013
inglourious-basterds,film-poster/4/1/3/5/2/41352-inglourious-basterds-0-230-0-345-crop,Inglourious Basterds,2009
once-upon-a-time-in-hollywood,film-poster/3/9/7/8/5/9/397859-once-upon-a-time-in-hollywood-0-230-0-345-crop,Once Upon a Time... in Hollywood,2019
zodiac,sm/upload/58/tf/z6/gw/qKQIjErYaN149hZRP5Vgf8RoC7S-0-230-0-345-crop,Zodiac,2007
the-nice-guys,film-poster/2/1/6/3/0/1/216301-the-nice-guys-0-230-0-345-crop,The Nice Guys,2016
under-the-silver-lake,film-poster/3/3/0/8/1/0/330810-under-the-silver-lake-0-230-0-345-crop,Under the Silver Lake,2018
rosemarys-baby,sm/upload/ea/vc/su/y2/fdLOXB8AysEGRL44I1RvoKiWDcW-0-230-0-345-crop,Rosemary's Baby,1968
eyes-wide-shut,film-poster/5/1/7/1/7/51717-eyes-wide-shut-0-230-0-345-crop,Eyes Wide Shut,1999
mulholland-drive,sm/upload/kv/7n/p8/tv/fMC8JBWx2VjsJ53JopAcFjqmlYv-0-230-0-345-crop,Mulholland Drive,2001
deadpool-2,film-poster/3/1/8/1/9/5/318195-deadpool-2-0-230-0-345-crop,Deadpool 2,2018
the-grand-budapest-hotel,film-poster/9/5/1/1/3/95113-the-grand-budapest-hotel-0-230-0-345-crop,The Grand Budapest Hotel,2014
the-royal-tenenbaums,sm/upload/sf/k0/qu/5o/5xw30y0pSaMtTcuZW5VaQPiR8qb-0-230-0-345-crop,The Royal Tenenbaums,2001
swiss-army-man,sm/upload/pp/ya/j6/9k/kH7Jwo3Pv0pbosU4rzDafTigIZx-0-230-0-345-crop,Swiss Army Man,2016
the-witch-2015,sm/upload/y2/i8/9s/h1/tNr2KYytArZNSh0K8PUcHU3JnX4-0-230-0-345-crop,The Witch,2015
hot-fuzz,sm/upload/xe/2y/e6/gy/4XLSKzQcE4lIgJgd71Y8UhAhxqQ-0-230-0-345-crop,Hot Fuzz,2007
call-me-by-your-name,sm/upload/g9/9t/cc/7u/tcNniniS4rfqrLH0oORikJfnIwY-0-230-0-345-crop,Call Me by Your Name,2017
the-lord-of-the-rings-the-return-of-the-king,sm/upload/zs/nt/u4/uz/xieWkPAgQrrk5wOyncayPd65hrp-0-230-0-345-crop,The Lord of the Rings: The Return of the King,2003
the-lord-of-the-rings-the-two-towers,film-poster/5/1/9/2/9/51929-the-lord-of-the-rings-the-two-towers-0-230-0-345-crop,The Lord of the Rings: The Two Towers,2002
the-lord-of-the-rings-the-fellowship-of-the-ring,sm/upload/3t/vq/0u/m6/1tX9ZlgVvWjAQhMs1vAfsYpi7VK-0-230-0-345-crop,The Lord of the Rings: The Fellowship of the Ring,2001
lady-bird,film-poster/3/2/6/2/7/9/326279-lady-bird-0-230-0-345-crop,Lady Bird,2017
shaun-of-the-dead,sm/upload/36/av/yn/jg/yWEeWO7fLs45XOcb94GPiLrHBRG-0-230-0-345-crop,Shaun of the Dead,2004
suspiria,film-poster/4/4/9/0/0/44900-suspiria-0-230-0-345-crop,Suspiria,1977
what-we-do-in-the-shadows,film-poster/1/7/2/5/3/7/172537-what-we-do-in-the-shadows-0-230-0-345-crop,What We Do in the Shadows,2014
the-master-2012,film-poster/5/2/5/1/2/52512-the-master-0-230-0-345-crop,The Master,2012
blue-velvet,film-poster/5/1/3/5/9/51359-blue-velvet-0-230-0-345-crop,Blue Velvet,1986
twin-peaks-fire-walk-with-me,sm/upload/xb/qg/78/zd/tOQekTHJmVCgfUYXTb6dLAu6l8W-0-230-0-345-crop,Twin Peaks: Fire Walk with Me,1992
the-prestige,film-poster/5/1/1/4/7/51147-the-prestige-0-230-0-345-crop,The Prestige,2006
trainspotting,film-poster/5/1/4/9/7/51497-trainspotting-0-230-0-345-crop,Trainspotting,1996
the-social-network,sm/upload/nw/cm/pa/ai/sGQv3ZMZBDBnl3z42Q0mEQ5uiDe-0-230-0-345-crop,The Social Network,2010
logan-2017,sm/upload/f3/ub/fq/f5/gGBu0hKw9BGddG8RkRAMX7B6NDB-0-230-0-345-crop,Logan,2017
fantastic-mr-fox,film-poster/4/6/3/4/4/46344-fantastic-mr-fox-0-230-0-345-crop,Fantastic Mr. Fox,2009
little-miss-sunshine,sm/upload/h6/xm/om/q7/dOeM4R55TsAFBXCPNIDDMiJkePr-0-230-0-345-crop,Little Miss Sunshine,2006
popstar-never-stop-never-stopping,film-poster/2/7/0/4/7/6/270476-popstar-never-stop-never-stopping-0-230-0-345-crop,Popstar: Never Stop Never Stopping,2016
this-is-the-end,sm/upload/jc/9p/19/zx/oie_1512543TJ3vNUDP-0-230-0-345-crop,This Is the End,2013
there-will-be-blood,sm/upload/jg/cd/7y/f5/there%20will%20be%20blood-0-230-0-345-crop,There Will Be Blood,2007
a-different-man,film-poster/8/9/1/2/9/1/891291-a-different-man-0-230-0-345-crop,A Different Man,2024
wolf-man-2025,film-poster/6/3/3/4/4/6/633446-wolf-man-2025-0-230-0-345-crop,Wolf Man,2025
an-american-werewolf-in-london,film-poster/5/1/3/3/8/51338-an-american-werewolf-in-london-0-230-0-345-crop,An American Werewolf in London,1981
nightbitch,film-poster/6/5/1/2/2/6/651226-nightbitch-0-230-0-345-crop,Nightbitch,2024
nosferatu-2024,film-poster/3/5/9/5/0/5/359505-nosferatu-2024-0-230-0-345-crop,Nosferatu,2024
in-a-violent-nature,film-poster/1/0/9/8/3/2/2/1098322-in-a-violent-nature-0-230-0-345-crop,In a Violent Nature,2024
wicked-2024,film-poster/3/3/7/0/3/6/337036-wicked-2024-0-230-0-345-crop,Wicked,2024
heretic-2024,film-poster/1/0/2/5/3/3/1/1025331-heretic-2024-0-230-0-345-crop,Heretic,2024
woman-of-the-hour,film-poster/7/5/0/5/6/6/750566-woman-of-the-hour-0-230-0-345-crop,Woman of the Hour,2023
smile-2-2024,film-poster/9/9/2/3/6/0/992360-smile-2-2024-0-230-0-345-crop,Smile 2,2024
we-live-in-time,film-poster/9/9/1/7/8/6/991786-we-live-in-time-0-230-0-345-crop,We Live in Time,2024
the-apprentice-2024,sm/upload/yj/8m/d9/4r/apprentice_xxlg-0-230-0-345-crop,The Apprentice,2024
terrifier-3,film-poster/9/3/2/7/3/9/932739-terrifier-3-0-230-0-345-crop,Terrifier 3,2024
abigail-2024,film-poster/1/0/0/1/2/8/5/1001285-abigail-0-230-0-345-crop,Abigail,2024
cuckoo-2024,film-poster/7/8/1/2/2/3/781223-cuckoo-0-230-0-345-crop,Cuckoo,2024
deadpool-wolverine,film-poster/4/6/2/8/7/0/462870-deadpool-wolverine-0-230-0-345-crop,Deadpool & Wolverine,2024
longlegs,film-poster/1/1/1/0/0/5/9/1110059-longlegs-0-230-0-345-crop,Longlegs,2024
maxxxine,film-poster/9/2/2/8/5/8/922858-maxxxine-0-230-0-345-crop,MaXXXine,2024
godzilla-kong-the-new-empire,film-poster/7/3/9/5/2/2/739522-godzilla-x-kong-the-new-empire-0-230-0-345-crop,Godzilla × Kong: The New Empire,2024
the-watchers-2024,film-poster/9/7/9/7/8/3/979783-the-watchers-0-230-0-345-crop,The Watchers,2024
i-saw-the-tv-glow,film-poster/7/7/2/2/3/0/772230-i-saw-the-tv-glow-0-230-0-345-crop,I Saw the TV Glow,2024
the-strangers-chapter-1,film-poster/9/1/0/5/1/2/910512-the-strangers-chapter-1-0-230-0-345-crop,The Strangers: Chapter 1,2024
kingdom-of-the-planet-of-the-apes,film-poster/5/7/8/7/7/4/578774-kingdom-of-the-planet-of-the-apes-0-230-0-345-crop,Kingdom of the Planet of the Apes,2024
monkey-man,film-poster/4/8/8/7/5/1/488751-monkey-man-0-230-0-345-crop,Monkey Man,2024
challengers,film-poster/8/4/2/3/0/1/842301-challengers-0-230-0-345-crop,Challengers,2024
the-first-omen,film-poster/3/7/0/1/7/8/370178-the-first-omen-0-230-0-345-crop,The First Omen,2024
immaculate-2024,film-poster/9/3/8/8/9/4/938894-immaculate-0-230-0-345-crop,Immaculate,2024
sicario-2015,film-poster/1/9/7/6/2/8/197628-sicario-0-230-0-345-crop,Sicario,2015
theater-camp-2023,film-poster/8/8/7/6/5/0/887650-theater-camp-0-230-0-345-crop,Theater Camp,2023
madame-web,film-poster/5/6/0/6/9/7/560697-madame-web-0-230-0-345-crop,Madame Web,2024
lisa-frankenstein,film-poster/8/9/5/0/0/7/895007-lisa-frankenstein-0-230-0-345-crop,Lisa Frankenstein,2024
american-beauty,film-poster/2/7/0/3/2703-american-beauty-0-230-0-345-crop,American Beauty,1999
argylle,film-poster/7/6/3/1/6/0/763160-argylle-0-230-0-345-crop,Argylle,2024
the-beekeeper-2024,film-poster/7/8/0/1/7/0/780170-the-beekeeper-0-230-0-345-crop,The Beekeeper,2024
cloverfield,sm/upload/07/hp/61/ut/as01o40tJ2FhtheqeXf7bVZ0EQO-0-230-0-345-crop,Cloverfield,2008
elemental-2023,film-poster/8/7/8/8/5/4/878854-elemental-0-230-0-345-crop,Elemental,2023
black-christmas,film-poster/4/1/3/0/5/41305-black-christmas-0-230-0-345-crop,Black Christmas,1974
saltburn,film-poster/8/3/5/7/7/4/835774-saltburn-0-230-0-345-crop,Saltburn,2023
the-iron-claw-2023,film-poster/7/6/4/8/9/0/764890-the-iron-claw-0-230-0-345-crop,The Iron Claw,2023
aquaman-2018,film-poster/2/2/5/0/6/0/225060-aquaman-0-230-0-345-crop,Aquaman,2018
the-lego-batman-movie,film-poster/2/5/1/9/3/7/251937-the-lego-batman-movie-0-230-0-345-crop,The Lego Batman Movie,2017
poor-things-2023,film-poster/7/1/0/3/5/2/710352-poor-things-0-230-0-345-crop,Poor Things,2023
when-evil-lurks,film-poster/6/6/6/3/9/6/666396-when-evil-lurks-0-230-0-345-crop,When Evil Lurks,2023
the-lego-movie,sm/upload/az/2g/rn/wz/7HdNvpAMnU9rjKDJSFzAjnsz0eh-0-230-0-345-crop,The Lego Movie,2014
thanksgiving-2023,film-poster/9/6/5/3/4/6/965346-thanksgiving-0-230-0-345-crop,Thanksgiving,2023
the-marvels,film-poster/5/3/6/9/7/0/536970-the-marvels-0-230-0-345-crop,The Marvels,2023
priscilla,film-poster/9/1/9/1/2/1/919121-priscilla-0-230-0-345-crop,Priscilla,2023
five-nights-at-freddys,film-poster/4/3/6/9/4/8/436948-five-nights-at-freddy-s-0-230-0-345-crop,Five Nights at Freddy's,2023
totally-killer,film-poster/8/7/7/3/6/0/877360-totally-killer-0-230-0-345-crop,Totally Killer,2023
saw-x,film-poster/8/5/6/0/3/6/856036-saw-x-0-230-0-345-crop,Saw X,2023
mission-impossible-dead-reckoning,film-poster/5/0/3/4/0/2/503402-mission-impossible-dead-reckoning-part-one-0-230-0-345-crop,Mission: Impossible – Dead Reckoning,2023
insidious,sm/upload/te/ew/lb/gd/urAaOffVaxQzRJ8X5Z0oDqOWAjl-0-230-0-345-crop,Insidious,2010
indiana-jones-and-the-dial-of-destiny,film-poster/2/6/5/4/3/3/265433-indiana-jones-and-the-dial-of-destiny-0-230-0-345-crop,Indiana Jones and the Dial of Destiny,2023
raiders-of-the-lost-ark,film-poster/5/1/9/6/5/51965-raiders-of-the-lost-ark-0-230-0-345-crop,Raiders of the Lost Ark,1981
the-boogeyman,film-poster/4/6/1/8/0/8/461808-the-boogeyman-0-230-0-345-crop,The Boogeyman,2023
spider-man-across-the-spider-verse,film-poster/4/9/7/6/3/1/497631-spider-man-across-the-spider-verse-0-230-0-345-crop,Spider-Man: Across the Spider-Verse,2023
the-little-mermaid-2023,film-poster/3/7/9/5/9/1/379591-the-little-mermaid-0-230-0-345-crop,The Little Mermaid,2023
madagascar,sm/upload/4g/qd/0m/h2/80MP1QuE4D8TQ0EBygGbWiWadrd-0-230-0-345-crop,Madagascar,2005
renfield,film-poster/5/7/5/2/5/8/575258-renfield-0-230-0-345-crop,Renfield,2023
evil-dead-rise,film-poster/6/3/6/7/6/1/636761-evil-dead-rise-0-230-0-345-crop,Evil Dead Rise,2023
the-super-mario-bros-movie,film-poster/4/3/2/3/0/2/432302-the-super-mario-bros-movie-0-230-0-345-crop,The Super Mario Bros. Movie,2023
dungeons-dragons-honor-among-thieves,film-poster/4/2/4/0/0/3/424003-dungeons-dragons-honor-among-thieves-0-230-0-345-crop,Dungeons & Dragons: Honor Among Thieves,2023
john-wick-chapter-4,film-poster/5/3/0/8/8/2/530882-john-wick-chapter-4-0-230-0-345-crop,John Wick: Chapter 4,2023
venom-2018,film-poster/2/6/5/4/3/8/265438-venom-0-230-0-345-crop,Venom,2018
upgrade,film-poster/4/3/0/6/3/3/430633-upgrade-0-230-0-345-crop,Upgrade,2018
scream-vi,film-poster/8/3/9/2/4/4/839244-scream-vi-0-230-0-345-crop,Scream VI,2023
cocaine-bear,film-poster/7/2/1/3/3/3/721333-cocaine-bear-0-230-0-345-crop,Cocaine Bear,2023
the-thing,sm/upload/t3/qn/vs/p5/s5fH3GqFcHbi2F0NSBSh4KRNTc0-0-230-0-345-crop,The Thing,1982
ant-man-and-the-wasp-quantumania,film-poster/5/6/6/2/3/7/566237-ant-man-and-the-wasp-quantumania-0-230-0-345-crop,Ant-Man and the Wasp: Quantumania,2023
zombieland-double-tap,film-poster/2/6/8/3/8/0/268380-zombieland-double-tap-0-230-0-345-crop,Zombieland: Double Tap,2019
zombieland,film-poster/3/9/3/5/2/39352-zombieland-0-230-0-345-crop,Zombieland,2009
knock-at-the-cabin,film-poster/5/5/8/0/5/6/558056-knock-at-the-cabin-0-230-0-345-crop,Knock at the Cabin,2023
hush-2016,sm/upload/uy/c2/ed/fu/khDYdmPFlaTqeLQVD4ds4xC1mIf-0-230-0-345-crop,Hush,2016
missing-2023,film-poster/6/8/8/0/8/8/688088-missing-0-230-0-345-crop,Missing,2023
the-princess-and-the-frog,sm/upload/hl/8a/0u/3l/bVRHirC6uIZL9VtRqYRxdedYnOG-0-230-0-345-crop,The Princess and the Frog,2009
puss-in-boots-the-last-wish,film-poster/2/4/2/2/8/5/242285-puss-in-boots-the-last-wish-0-230-0-345-crop,Puss in Boots: The Last Wish,2022
m3gan,film-poster/4/6/5/6/4/9/465649-m3gan-0-230-0-345-crop,M3GAN,2022
aladdin-2019,film-poster/3/5/4/5/3/8/354538-aladdin-0-230-0-345-crop,Aladdin,2019
home-alone-2-lost-in-new-york,sm/upload/i5/04/e8/7t/home%20alone%202-0-230-0-345-crop,Home Alone 2: Lost in New York,1992
the-whale-2022,film-poster/7/0/3/4/7/8/703478-the-whale-0-230-0-345-crop,The Whale,2022
the-banshees-of-inisherin,film-poster/5/9/8/8/8/2/598882-the-banshees-of-inisherin-0-230-0-345-crop,The Banshees of Inisherin,2022
hellraiser,film-poster/4/7/4/3/8/47438-hellraiser-0-230-0-345-crop,Hellraiser,1987
man-of-steel,sm/upload/wx/hm/hf/14/uKnhbfNt1ZR2TdoZpdn7vSNZlhX-0-230-0-345-crop,Man of Steel,2013
prisoners,sm/upload/iw/eg/4g/nm/3w79tTsv6tmlT8Jww6snyPrgVok-0-230-0-345-crop,Prisoners,2013
beauty-and-the-beast-1991,sm/upload/qw/zu/zk/ky/iLe8yMOF5we6lvYbKLHzho7ATQk-0-230-0-345-crop,Beauty and the Beast,1991
guillermo-del-toros-pinocchio,film-poster/4/8/4/2/6/3/484263-guillermo-del-toro-s-pinocchio-0-230-0-345-crop,Guillermo del Toro's Pinocchio,2022
clueless,sm/upload/fn/rr/3z/h7/i8gEHh2sszB6YWLC0jl559sxAeN-0-230-0-345-crop,Clueless,1995
22-jump-street,sm/upload/qq/wx/vh/dy/tPnw9oqIvIMoYjVozkDkxm3xR8r-0-230-0-345-crop,22 Jump Street,2014
21-jump-street,film-poster/2/7/9/279-21-jump-street-0-230-0-345-crop,21 Jump Street,2012
bones-and-all,sm/upload/xi/cb/mo/xg/bones2-0-230-0-345-crop,Bones and All,2022
back-to-the-future,film-poster/5/1/9/4/5/51945-back-to-the-future-0-230-0-345-crop,Back to the Future,1985
the-truman-show,sm/upload/xx/io/jp/45/the-truman-show-0-230-0-345-crop,The Truman Show,1998
glass-onion,film-poster/5/8/6/7/2/3/586723-glass-onion-a-knives-out-mystery-0-230-0-345-crop,Glass Onion,2022
kick-ass,sm/upload/qp/bw/k2/ia/jP8kukObEty5liW76QxJ1o5qlFL-0-230-0-345-crop,Kick-Ass,2010
promising-young-woman,film-poster/5/1/0/0/4/7/510047-promising-young-woman-0-230-0-345-crop,Promising Young Woman,2020
enchanted,film-poster/4/9/2/8/0/49280-enchanted-0-230-0-345-crop,Enchanted,2007
school-of-rock,film-poster/5/0/9/5/0/50950-school-of-rock-0-230-0-345-crop,School of Rock,2003
panic-room,sm/upload/f2/vz/w1/kw/cLwfIWHGjXXrtVgaww33RbIR4Dh-0-230-0-345-crop,Panic Room,2002
red-eye,film-poster/4/5/2/8/2/45282-red-eye-0-230-0-345-crop,Red Eye,2005
malignant-2021,film-poster/5/4/6/3/4/8/546348-malignant-0-230-0-345-crop,Malignant,2021
die-hard,film-poster/5/1/5/5/6/51556-die-hard-0-230-0-345-crop,Die Hard,1988
terrifier-2,film-poster/5/8/8/9/0/7/588907-terrifier-2-0-230-0-345-crop,Terrifier 2,2022
terrifier-2016,film-poster/3/5/4/2/5/1/354251-terrifier-0-230-0-345-crop,Terrifier,2016
childs-play,film-poster/4/6/0/8/7/46087-child-s-play-0-230-0-345-crop,Child's Play,1988
halloween-ends,film-poster/5/4/3/5/9/6/543596-halloween-ends-0-230-0-345-crop,Halloween Ends,2022
halloween-2018,film-poster/3/5/7/6/8/2/357682-halloween-0-230-0-345-crop,Halloween,2018
halloween-1978,film-poster/6/0/2/9/8/60298-halloween-0-230-0-345-crop,Halloween,1978
smile-2022,film-poster/7/9/3/8/8/3/793883-smile-0-230-0-345-crop,Smile,2022
werewolf-by-night-in-color,film-poster/8/0/5/1/0/6/805106-werewolf-by-night-0-230-0-345-crop,Werewolf by Night,2022
friday-the-13th,film-poster/4/9/2/9/9/49299-friday-the-13th-0-230-0-345-crop,Friday the 13th,1980
hocus-pocus,sm/upload/43/5h/8q/cg/vgtJwl5rmPyq0JQPNWd4NXbkGmd-0-230-0-345-crop,Hocus Pocus,1993
the-breakfast-club,film-poster/5/0/5/1/8/50518-the-breakfast-club-0-230-0-345-crop,The Breakfast Club,1985
a-nightmare-on-elm-street,film-poster/5/1/7/0/8/51708-a-nightmare-on-elm-street-0-230-0-345-crop,A Nightmare on Elm Street,1984
pearl-2022,film-poster/8/5/3/8/2/2/853822-pearl-0-230-0-345-crop,Pearl,2022
barbarian-2022,film-poster/8/1/9/6/4/8/819648-barbarian-0-230-0-345-crop,Barbarian,2022
almost-famous,sm/upload/8r/4k/tl/rx/mlOGVofLSyFAoVYcjVS2WRVvQjr-0-230-0-345-crop,Almost Famous,2000
scott-pilgrim-vs-the-world,sm/upload/vs/75/02/fx/2B5zjs5E3xerqAyowpw3QcOCyLq-0-230-0-345-crop,Scott Pilgrim vs. the World,2010
the-silence-of-the-lambs,film-poster/5/1/7/8/2/51782-the-silence-of-the-lambs-0-230-0-345-crop,The Silence of the Lambs,1991
psycho,film-poster/5/1/5/7/8/51578-psycho-0-230-0-345-crop,Psycho,1960
kill-bill-vol-2,sm/upload/ka/7q/dh/8m/bxbX4sHZHcy81dnNs4VAVs7HXDL-0-230-0-345-crop,Kill Bill: Vol. 2,2004
kill-bill-vol-1,sm/upload/sw/w2/ep/v4/9O50TVszkz0dcP5g6Ej33UhR7vw-0-230-0-345-crop,Kill Bill: Vol. 1,2003
the-shape-of-water,sm/upload/f0/2f/4e/am/bxVvUHI1A9PWoVfEBZko6FZPv5A-0-230-0-345-crop,The Shape of Water,2017
paddington-2,sm/upload/ij/ub/so/m3/zuXMvSQq9F7H29qzuUm0qyUqw6m-0-230-0-345-crop,Paddington 2,2017
paddington,film-poster/9/2/1/6/0/92160-paddington-0-230-0-345-crop,Paddington,2014
prey-2022,film-poster/6/8/6/3/8/9/686389-prey-0-230-0-345-crop,Prey,2022
alien-covenant,film-poster/9/9/1/4/4/99144-alien-covenant-0-230-0-345-crop,Alien: Covenant,2017
prometheus,sm/upload/39/zq/9r/ye/qsYQflQhOuhDpQ0W2aOcwqgDAeI-0-230-0-345-crop,Prometheus,2012
not-okay,film-poster/7/5/3/6/7/8/753678-not-okay-0-230-0-345-crop,Not Okay,2022
alien-resurrection,film-poster/4/7/8/8/7/47887-alien-resurrection-0-230-0-345-crop,Alien Resurrection,1997
the-lion-king-2019,film-poster/3/5/4/5/3/9/354539-the-lion-king-0-230-0-345-crop,The Lion King,2019
the-lion-king,sm/upload/lz/96/yu/mf/ztuEReeV6ofpU1HxUV9AsR6aLoe-0-230-0-345-crop,The Lion King,1994
shrek-the-third,sm/upload/qn/3n/0d/bn/lA17Mlz8hXVZsW5Y3WuUa8KPilQ-0-230-0-345-crop,Shrek the Third,2007
aliens,film-poster/5/1/4/4/5/51445-aliens-0-230-0-345-crop,Aliens,1986
alien,sm/upload/8v/f1/qw/aa/bg7K6VtUG7Ew70gQj6SSroD5d4R-0-230-0-345-crop,Alien,1979
nope,film-poster/6/8/2/5/4/7/682547-nope-0-230-0-345-crop,Nope,2022
us-2019,film-poster/3/9/0/5/2/0/390520-us-0-230-0-345-crop,Us,2019
the-blair-witch-project,film-poster/5/0/1/5/9/50159-the-blair-witch-project-0-230-0-345-crop,The Blair Witch Project,1999
jaws,film-poster/5/1/5/4/2/51542-jaws-0-230-0-345-crop,Jaws,1975
thor-love-and-thunder,film-poster/5/4/3/0/0/2/543002-thor-love-and-thunder-0-230-0-345-crop,Thor: Love and Thunder,2022
onward-2020,film-poster/4/3/8/2/7/2/438272-onward-0-230-0-345-crop,Onward,2020
coco-2017,sm/upload/3p/mh/wq/v9/6Ryitt95xrO8KXuqRGm1fUuNwqF-0-230-0-345-crop,Coco,2017
speed,film-poster/5/0/9/0/4/50904-speed-0-230-0-345-crop,Speed,1994
elvis-2022,film-poster/5/4/2/0/3/2/542032-elvis-0-230-0-345-crop,Elvis,2022
the-black-phone,film-poster/6/7/7/5/7/1/677571-the-black-phone-0-230-0-345-crop,The Black Phone,2021
incredibles-2,film-poster/1/8/4/0/6/1/184061-incredibles-2-0-230-0-345-crop,Incredibles 2,2018
snowpiercer,film-poster/8/8/4/8/8/88488-snowpiercer-0-230-0-345-crop,Snowpiercer,2013
toy-story-4,film-poster/2/2/8/6/2/8/228628-toy-story-4-0-230-0-345-crop,Toy Story 4,2019
toy-story,film-poster/5/1/2/9/0/51290-toy-story-0-230-0-345-crop,Toy Story,1995
youre-next,sm/upload/8i/yg/d5/m5/qhVj0F09RFtQdBrBMPhrdzivRcI-0-230-0-345-crop,You're Next,2011
the-twilight-saga-breaking-dawn-part-2,film-poster/1/5/0/7/6/15076-the-twilight-saga-breaking-dawn-part-2-0-230-0-345-crop,The Twilight Saga: Breaking Dawn – Part 2,2012
the-twilight-saga-breaking-dawn-part-1,film-poster/1/5/0/7/7/15077-the-twilight-saga-breaking-dawn-part-1-0-230-0-345-crop,The Twilight Saga: Breaking Dawn – Part 1,2011
jurassic-world-dominion,film-poster/4/3/7/0/5/0/437050-jurassic-world-dominion-0-230-0-345-crop,Jurassic World Dominion,2022
the-twilight-saga-eclipse,film-poster/3/7/0/8/8/37088-the-twilight-saga-eclipse-0-230-0-345-crop,The Twilight Saga: Eclipse,2010
the-twilight-saga-new-moon,film-poster/4/0/4/8/0/40480-the-twilight-saga-new-moon-0-230-0-345-crop,The Twilight Saga: New Moon,2009
mission-impossible-fallout,film-poster/2/8/3/2/7/3/283273-mission-impossible-fallout-0-230-0-345-crop,Mission: Impossible – Fallout,2018
mission-impossible-rogue-nation,sm/upload/lk/jb/17/6y/oUDKymEL932AeHyl4A4ee8zuBLF-0-230-0-345-crop,Mission: Impossible – Rogue Nation,2015
mission-impossible,film-poster/5/1/2/0/6/51206-mission-impossible-0-230-0-345-crop,Mission: Impossible,1996
jurassic-world,film-poster/1/0/4/1/7/4/104174-jurassic-world-0-230-0-345-crop,Jurassic World,2015
star-wars-the-rise-of-skywalker,film-poster/1/3/1/9/8/4/131984-star-wars-the-rise-of-skywalker-0-230-0-345-crop,Star Wars: The Rise of Skywalker,2019
star-wars-the-last-jedi,sm/upload/21/h4/fo/18/47zTsc9gkruDmDssiCqyZTxdOla-0-230-0-345-crop,Star Wars: The Last Jedi,2017
star-wars-the-force-awakens,sm/upload/t1/n6/d1/k6/g2mqdMU3jaz6uEosF5aqJgbw7e9-0-230-0-345-crop,Star Wars: The Force Awakens,2015
return-of-the-jedi,sm/upload/88/lu/ak/8v/5wDrNqePjb5SOucrWQwiFu340vv-0-230-0-345-crop,Return of the Jedi,1983
the-empire-strikes-back,sm/upload/mp/pz/lf/2i/7BuH8itoSrLExs2YZSsM01Qk2no-0-230-0-345-crop,The Empire Strikes Back,1980
top-gun-maverick,film-poster/2/9/3/4/6/5/293465-top-gun-maverick-0-230-0-345-crop,Top Gun: Maverick,2022
star-wars,film-poster/2/7/0/6/2706-star-wars-0-230-0-345-crop,Star Wars,1977
top-gun,sm/upload/e9/dh/nn/5w/fKSZl8ONN7DQh5ujgdObRIFmhiZ-0-230-0-345-crop,Top Gun,1986
solo-a-star-wars-story,film-poster/2/7/8/6/6/8/278668-solo-a-star-wars-story-0-230-0-345-crop,Solo: A Star Wars Story,2018
star-wars-episode-iii-revenge-of-the-sith,film-poster/5/0/7/0/9/50709-star-wars-episode-iii-revenge-of-the-sith-0-230-0-345-crop,Star Wars: Episode III – Revenge of the Sith,2005
star-wars-episode-ii-attack-of-the-clones,film-poster/5/0/7/1/0/50710-star-wars-episode-ii-attack-of-the-clones-0-230-0-345-crop,Star Wars: Episode II – Attack of the Clones,2002
star-wars-episode-i-the-phantom-menace,film-poster/5/0/7/1/1/50711-star-wars-episode-i-the-phantom-menace-0-230-0-345-crop,Star Wars: Episode I – The Phantom Menace,1999
carrie-1976,sm/upload/2c/5d/69/bc/uc3OvgmbnYaS5Y0BOjSmC1EmSz1-0-230-0-345-crop,Carrie,1976
army-of-darkness,sm/upload/a7/6d/2x/pn/z7jxLTbnDx4tmLprfClKoUvOPmF-0-230-0-345-crop,Army of Darkness,1992
evil-dead-ii,sm/upload/p9/tg/s4/ca/dxbIRmIo0rN5R6WGvxnJuUJPh3t-0-230-0-345-crop,Evil Dead II,1987
evil-dead,sm/upload/he/wz/f9/h1/6gtHgAxgemVd3pIQlbg4YoniqEY-0-230-0-345-crop,Evil Dead,2013
the-evil-dead,sm/upload/c7/4g/ae/zn/7cpSdCrBY7UhiygkcP57dpixXsW-0-230-0-345-crop,The Evil Dead,1981
scooby-doo,sm/upload/35/mj/25/xd/yn1dLaEcvUHIgxmAu6NY5ho6CnJ-0-230-0-345-crop,Scooby-Doo,2002
the-unbearable-weight-of-massive-talent,film-poster/5/7/4/3/8/5/574385-the-unbearable-weight-of-massive-talent-0-230-0-345-crop,The Unbearable Weight of Massive Talent,2022
the-northman,film-poster/5/6/5/8/5/2/565852-the-northman-0-230-0-345-crop,The Northman,2022
i-tonya,sm/upload/hv/nn/05/ss/d20vOJpywFDoz7Dd4ChomGdP0fr-0-230-0-345-crop,"I, Tonya",2017
10-things-i-hate-about-you,sm/upload/hl/jj/br/9g/Kd5OkBc6GyUa1tIpxYUHLpyE2t-0-230-0-345-crop,10 Things I Hate About You,1999
everything-everywhere-all-at-once,film-poster/4/7/4/4/7/4/474474-everything-everywhere-all-at-once-0-230-0-345-crop,Everything Everywhere All at Once,2022
ambulance-2022,film-poster/6/8/3/2/8/5/683285-ambulance-0-230-0-345-crop,Ambulance,2022
the-killing-of-a-sacred-deer,film-poster/3/3/3/3/1/0/333310-the-killing-of-a-sacred-deer-0-230-0-345-crop,The Killing of a Sacred Deer,2017
x-men-apocalypse,film-poster/1/7/2/4/9/2/172492-x-men-apocalypse-0-230-0-345-crop,X-Men: Apocalypse,2016
x-men-days-of-future-past,film-poster/9/9/5/0/7/99507-x-men-days-of-future-past-0-230-0-345-crop,X-Men: Days of Future Past,2014
x-men-first-class,film-poster/1/6/0/7/4/16074-x-men-first-class-0-230-0-345-crop,X-Men: First Class,2011
lost-in-translation,sm/upload/th/b5/6c/gl/5T8VvuFTdaawKLJk34i69Utaw7o-0-230-0-345-crop,Lost in Translation,2003
the-lost-city-2022,film-poster/6/7/3/4/7/4/673474-the-lost-city-0-230-0-345-crop,The Lost City,2022
raw-2016,film-poster/3/2/7/9/7/4/327974-raw-0-230-0-345-crop,Raw,2016
the-texas-chain-saw-massacre,film-poster/3/1/9/8/5/31985-the-texas-chain-saw-massacre-0-230-0-345-crop,The Texas Chain Saw Massacre,1974
uncharted-2022,film-poster/2/6/4/3/2/8/264328-uncharted-0-230-0-345-crop,Uncharted,2022
west-side-story-2021,sm/upload/yd/j5/tz/up/xW3t04p24jH7aQyq1J63ApAP9gG-0-230-0-345-crop,West Side Story,2021
fresh-2022,film-poster/7/0/6/0/6/4/706064-fresh-0-230-0-345-crop,Fresh,2022
the-batman,film-poster/3/4/8/9/1/4/348914-the-batman-0-230-0-345-crop,The Batman,2022
baby-driver,film-poster/2/6/8/9/5/0/268950-baby-driver-0-230-0-345-crop,Baby Driver,2017
titane,film-poster/5/5/6/5/5/3/556553-titane-0-230-0-345-crop,Titane,2021
the-disaster-artist,film-poster/3/0/7/2/9/8/307298-the-disaster-artist-0-230-0-345-crop,The Disaster Artist,2017
nightmare-alley-2021,film-poster/5/2/4/5/9/2/524592-nightmare-alley-0-230-0-345-crop,Nightmare Alley,2021
mr-mrs-smith-2005,film-poster/5/1/3/6/5/51365-mr-mrs-smith-0-230-0-345-crop,Mr. & Mrs. Smith,2005
bridesmaids,film-poster/1/0/4/4/2/10442-bridesmaids-0-230-0-345-crop,Bridesmaids,2011
beetlejuice,sm/upload/rs/wk/3i/nt/gWnW7vxm8yr01TVLQhL4aI02orp-0-230-0-345-crop,Beetlejuice,1988
black-swan,sm/upload/yt/ae/iz/kj/bIjkE9Og0nulRycj144sCcQcsZ6-0-230-0-345-crop,Black Swan,2010
green-room,film-poster/2/4/1/0/5/2/241052-green-room-0-230-0-345-crop,Green Room,2015
brokeback-mountain,film-poster/5/1/9/0/9/51909-brokeback-mountain-0-230-0-345-crop,Brokeback Mountain,2005
nobody-2021,film-poster/5/4/2/5/5/5/542555-nobody-0-230-0-345-crop,Nobody,2021
american-psycho,sm/upload/5b/u9/av/il/ecoY7zJL6Ub3URP1oPhPfGflEjV-0-230-0-345-crop,American Psycho,2000
eighth-grade,film-poster/4/2/0/4/5/1/420451-eighth-grade-0-230-0-345-crop,Eighth Grade,2018
the-revenant-2015,film-poster/2/0/7/2/2/4/207224-the-revenant-0-230-0-345-crop,The Revenant,2015
the-power-of-the-dog,film-poster/5/2/7/8/4/1/527841-the-power-of-the-dog-0-230-0-345-crop,The Power of the Dog,2021
1917,film-poster/4/6/0/1/5/5/460155-1917-0-230-0-345-crop,1917,2019
under-the-skin-2013,film-poster/8/0/1/9/8/80198-under-the-skin-0-230-0-345-crop,Under the Skin,2013
requiem-for-a-dream,sm/upload/lv/4b/f2/zj/muym4jTjdLx7E6as09d1wlC3sOB-0-230-0-345-crop,Requiem for a Dream,2000
hereditary,film-poster/4/2/4/3/4/8/424348-hereditary-0-230-0-345-crop,Hereditary,2018
the-godfather-part-ii,film-poster/5/1/8/1/6/51816-the-godfather-part-ii-0-230-0-345-crop,The Godfather Part II,1974
moonlight-2016,sm/upload/90/gn/c7/9k/qAwFbszz0kRyTuXmMeKQZCX3Q2O-0-230-0-345-crop,Moonlight,2016
dont-look-up-2021,film-poster/5/7/2/2/5/5/572255-don-t-look-up-0-230-0-345-crop,Don't Look Up,2021
tick-tick-boom-2021,film-poster/4/6/6/2/9/1/466291-tick-tick-boom--0-230-0-345-crop,"tick, tick... BOOM!",2021
the-lighthouse-2019,film-poster/4/3/3/8/6/3/433863-the-lighthouse-0-230-0-345-crop,The Lighthouse,2019
encanto,film-poster/4/9/6/5/9/2/496592-encanto-0-230-0-345-crop,Encanto,2021
spider-man-into-the-spider-verse,film-poster/2/5/1/9/4/3/251943-spider-man-into-the-spider-verse-0-230-0-345-crop,Spider-Man: Into the Spider-Verse,2018
the-amazing-spider-man,film-poster/5/0/6/7/7/50677-the-amazing-spider-man-0-230-0-345-crop,The Amazing Spider-Man,2012
spider-man-2,sm/upload/pq/mi/kb/ck/7JtMVM58MnzxWeyubzLpXBiVnDC-0-230-0-345-crop,Spider-Man 2,2004
spider-man,film-poster/5/1/5/6/1/51561-spider-man-0-230-0-345-crop,Spider-Man,2002
pig-2021,film-poster/5/6/1/7/6/3/561763-pig-0-230-0-345-crop,Pig,2021
la-la-land,film-poster/2/4/0/3/4/4/240344-la-la-land-0-230-0-345-crop,La La Land,2016
arrival-2016,sm/upload/3u/dy/qd/qd/4Iu5f2nv7huqvuYkmZvSPOtbFjs-0-230-0-345-crop,Arrival,2016
inception,sm/upload/sv/95/s9/4j/inception-0-230-0-345-crop,Inception,2010
spencer-2021,film-poster/6/3/9/5/5/9/639559-spencer-0-230-0-345-crop,Spencer,2021
eternals,film-poster/4/5/4/0/1/6/454016-eternals-0-230-0-345-crop,Eternals,2021
crazy-rich-asians,film-poster/3/8/7/2/3/8/387238-crazy-rich-asians-0-230-0-345-crop,Crazy Rich Asians,2018
emma-2020,film-poster/4/8/5/2/1/2/485212-emma-0-230-0-345-crop,Emma.,2020
halloween-kills,film-poster/5/3/7/2/2/8/537228-halloween-kills-0-230-0-345-crop,Halloween Kills,2021
last-night-in-soho,film-poster/5/0/5/0/0/0/505000-last-night-in-soho-0-230-0-345-crop,Last Night in Soho,2021
little-women-2019,sm/upload/r4/np/q5/te/mSmiB8XjUnR1GSIljuCPGsk0cwX-0-230-0-345-crop,Little Women,2019
revenge-2017,film-poster/3/9/9/4/4/9/399449-revenge-0-230-0-345-crop,Revenge,2017
rocketman-2019,film-poster/4/3/4/4/8/2/434482-rocketman-0-230-0-345-crop,Rocketman,2019
sound-of-metal,film-poster/4/3/2/0/0/4/432004-sound-of-metal-0-230-0-345-crop,Sound of Metal,2019
the-nightmare-before-christmas,film-poster/4/7/1/1/9/47119-the-nightmare-before-christmas-0-230-0-345-crop,The Nightmare Before Christmas,1993
the-lobster,film-poster/1/7/8/1/2/3/178123-the-lobster-0-230-0-345-crop,The Lobster,2015
venom-let-there-be-carnage,film-poster/5/0/8/6/3/8/508638-venom-let-there-be-carnage-0-230-0-345-crop,Venom: Let There Be Carnage,2021
spree-2020,film-poster/5/7/9/0/2/3/579023-spree-0-230-0-345-crop,Spree,2020
searching-2018,film-poster/4/2/0/4/6/7/420467-searching-0-230-0-345-crop,Searching,2018
candyman-2021,film-poster/4/9/3/4/4/1/493441-candyman-0-230-0-345-crop,Candyman,2021
shang-chi-and-the-legend-of-the-ten-rings,film-poster/4/9/4/9/6/9/494969-shang-chi-and-the-legend-of-the-ten-rings-0-230-0-345-crop,Shang-Chi and the Legend of the Ten Rings,2021
jojo-rabbit,film-poster/4/4/4/6/0/0/444600-jojo-rabbit-0-230-0-345-crop,Jojo Rabbit,2019
marriage-story-2019,film-poster/4/2/2/6/8/2/422682-marriage-story-0-230-0-345-crop,Marriage Story,2019
the-dark-knight-rises,film-poster/1/6/5/5/0/16550-the-dark-knight-rises-0-230-0-345-crop,The Dark Knight Rises,2012
the-dark-knight,sm/upload/78/y5/zg/ej/oefdD26aey8GPdx7Rm45PNncJdU-0-230-0-345-crop,The Dark Knight,2008
batman-begins,film-poster/5/1/7/8/4/51784-batman-begins-0-230-0-345-crop,Batman Begins,2005
dont-breathe-2016,sm/upload/fq/1t/ps/wi/lw0IqOSMsQcy1QnVIEIDppLmNwk-0-230-0-345-crop,Don't Breathe,2016
free-guy,film-poster/4/7/9/8/1/4/479814-free-guy-0-230-0-345-crop,Free Guy,2021
saw-ii,film-poster/5/1/8/4/1/51841-saw-ii-0-230-0-345-crop,Saw II,2005
saw,sm/upload/qd/18/jq/1b/oFl8U5Mzohs6z8mL8KT4Gjoiirm-0-230-0-345-crop,Saw,2004
x-men,sm/upload/ub/6i/kh/7q/8259CEB5-947B-4A88-9848-AE748636B747-0-230-0-345-crop,X-Men,2000
final-destination-3,film-poster/4/7/3/0/6/47306-final-destination-3-0-230-0-345-crop,Final Destination 3,2006
final-destination,film-poster/4/7/0/6/8/47068-final-destination-0-230-0-345-crop,Final Destination,2000
were-the-millers,sm/upload/gy/z2/o8/vq/pyrv46Lr3rOIcSg1PkkCwktCC3G-0-230-0-345-crop,We're the Millers,2013
the-notebook,film-poster/4/5/6/6/7/45667-the-notebook-0-230-0-345-crop,The Notebook,2004
oceans-eight,film-poster/3/3/7/5/6/7/337567-ocean-s-8-0-230-0-345-crop,Ocean's Eight,2018
a-star-is-born-2018,film-poster/2/6/1/1/0/8/261108-a-star-is-born-0-230-0-345-crop,A Star Is Born,2018
ready-or-not-2019,film-poster/4/9/5/9/6/9/495969-ready-or-not-0-230-0-345-crop,Ready or Not,2019
matilda,sm/upload/g7/4y/u4/fr/matilda-0-230-0-345-crop,Matilda,1996
it-follows,sm/upload/zr/lv/9v/wy/4MrwJZr0R9LbyOgZqwLNmtzzxbu-0-230-0-345-crop,It Follows,2014
mother-2017,film-poster/3/1/6/3/1/1/316311-mother--0-230-0-345-crop,mother!,2017
scream-4,sm/upload/xw/xb/gx/5p/xEl8QQunHWUtf0dlKEbMXlfKSdr-0-230-0-345-crop,Scream 4,2011
fear-street-1978,film-poster/5/1/8/7/8/8/518788-fear-street-1978-0-230-0-345-crop,Fear Street: 1978,2021
godzilla-vs-kong,film-poster/3/3/3/8/2/5/333825-godzilla-vs-kong-0-230-0-345-crop,Godzilla vs. Kong,2021
escape-room-2019,film-poster/4/5/2/1/9/0/452190-escape-room-0-230-0-345-crop,Escape Room,2019
scream-3,film-poster/4/9/4/5/3/49453-scream-3-0-230-0-345-crop,Scream 3,2000
scream-2,sm/upload/ju/sr/4r/t3/c5AyWNWooMGkJXlqLwmPQCjUwHt-0-230-0-345-crop,Scream 2,1997
scream,film-poster/4/9/4/5/5/49455-scream-0-230-0-345-crop,Scream,1996
the-princess-diaries,sm/upload/5w/kf/y1/r9/89CTU3plfKw6mGpzkLmdQkHHLeS-0-230-0-345-crop,The Princess Diaries,2001
shrek-2,sm/upload/g4/4m/0c/6s/rD8SvOTCCJ2VIpIV7GUwUKD1Kzc-0-230-0-345-crop,Shrek 2,2004
booksmart,film-poster/4/3/5/4/5/0/435450-booksmart-0-230-0-345-crop,Booksmart,2019
batman-v-superman-dawn-of-justice,sm/upload/ge/rr/co/14/w7PsEa7Ilk53vFI7PplTJYckIJj-0-230-0-345-crop,Batman v Superman: Dawn of Justice,2016
justice-league,film-poster/1/0/7/6/7/0/107670-justice-league-0-230-0-345-crop,Justice League,2017
freaky,film-poster/4/8/0/5/2/5/480525-freaky-0-230-0-345-crop,Freaky,2020
wandavision,film-poster/6/7/1/8/1/3/671813-wandavision-0-230-0-345-crop,WandaVision,2021
spider-man-far-from-home,film-poster/3/6/2/9/7/7/362977-spider-man-far-from-home-0-230-0-345-crop,Spider-Man: Far From Home,2019
captain-marvel,film-poster/2/2/6/7/5/0/226750-captain-marvel-0-230-0-345-crop,Captain Marvel,2019
ant-man-and-the-wasp,film-poster/2/9/6/3/4/1/296341-ant-man-and-the-wasp-0-230-0-345-crop,Ant-Man and the Wasp,2018
spider-man-homecoming,film-poster/2/4/2/7/1/0/242710-spider-man-homecoming-0-230-0-345-crop,Spider-Man: Homecoming,2017
guardians-of-the-galaxy-vol-2,sm/upload/1g/4f/6e/5b/prvWMj8cBFgVn5MLlsjlvH2hiIh-0-230-0-345-crop,Guardians of the Galaxy Vol. 2,2017
doctor-strange-2016,film-poster/2/0/9/3/8/1/209381-doctor-strange-0-230-0-345-crop,Doctor Strange,2016
captain-america-civil-war,film-poster/1/9/4/4/0/2/194402-captain-america-civil-war-0-230-0-345-crop,Captain America: Civil War,2016
avengers-age-of-ultron,film-poster/8/1/6/0/5/81605-avengers-age-of-ultron-0-230-0-345-crop,Avengers: Age of Ultron,2015
captain-america-the-winter-soldier,sm/upload/he/p6/cc/lg/zt6b493XEL2OQ1bCSKccZ7V0iRY-0-230-0-345-crop,Captain America: The Winter Soldier,2014
thor-the-dark-world,sm/upload/pc/xw/7h/17/bnX5PqAdQZRXSw3aX3DutDcdso5-0-230-0-345-crop,Thor: The Dark World,2013
iron-man-3,sm/upload/5r/0i/96/db/7XiGqZE8meUv7L4720L0tIDd7gO-0-230-0-345-crop,Iron Man 3,2013
the-avengers-2012,sm/upload/10/u6/42/pa/cezWGskPY5x7GaglTTRN4Fugfb8-0-230-0-345-crop,The Avengers,2012
captain-america-the-first-avenger,film-poster/5/0/8/0/9/50809-captain-america-the-first-avenger-0-230-0-345-crop,Captain America: The First Avenger,2011
thor,film-poster/4/6/4/5/6/46456-thor-0-230-0-345-crop,Thor,2011
iron-man-2,film-poster/4/6/5/1/1/46511-iron-man-2-0-230-0-345-crop,Iron Man 2,2010
black-widow-2021,film-poster/4/2/7/8/0/7/427807-black-widow-0-230-0-345-crop,Black Widow,2021
iron-man-2008,film-poster/5/0/8/2/5/50825-iron-man-0-230-0-345-crop,Iron Man,2008
the-mitchells-vs-the-machines,film-poster/4/3/1/8/8/8/431888-the-mitchells-vs-the-machines-0-230-0-345-crop,The Mitchells vs. the Machines,2021
the-conjuring-2,sm/upload/vu/cv/s6/zw/7GUzvvrb6hbOWl8l8YkaS4fgTDT-0-230-0-345-crop,The Conjuring 2,2016
the-conjuring,film-poster/1/0/6/2/6/2/106262-the-conjuring-0-230-0-345-crop,The Conjuring,2013
a-real-pain,film-poster/9/1/3/2/5/8/913258-a-real-pain-0-230-0-345-crop,A Real Pain,2024
flow-2024,film-poster/7/3/9/4/5/1/739451-flow-2024-0-230-0-345-crop,Flow,2024
nickel-boys,film-poster/9/2/6/5/8/9/926589-nickel-boys-0-230-0-345-crop,Nickel Boys,2024
megalopolis-2024,film-poster/5/2/0/3/2/8/520328-megalopolis-0-230-0-345-crop,Megalopolis,2024
sing-sing-2023,film-poster/1/0/4/1/9/5/7/1041957-sing-sing-2023-0-230-0-345-crop,Sing Sing,2023
kinds-of-kindness,film-poster/9/2/8/2/6/1/928261-kinds-of-kindness-0-230-0-345-crop,Kinds of Kindness,2024
the-birds,film-poster/5/1/5/4/9/51549-the-birds-0-230-0-345-crop,The Birds,1963
conclave,film-poster/8/7/7/2/5/3/877253-conclave-0-230-0-345-crop,Conclave,2024
venom-the-last-dance,film-poster/8/1/9/3/2/0/819320-venom-the-last-dance-0-230-0-345-crop,Venom: The Last Dance,2024
emilia-perez,film-poster/8/7/7/6/0/8/877608-emilia-perez-0-230-0-345-crop,Emilia Pérez,2024
juror-2,film-poster/9/9/7/7/2/2/997722-juror-2-0-230-0-345-crop,Juror #2,2024
joker-folie-a-deux,film-poster/8/0/0/8/5/8/800858-joker-folie-a-deux-0-230-0-345-crop,Joker: Folie à Deux,2024
its-whats-inside,film-poster/9/4/9/0/5/3/949053-its-whats-inside-0-230-0-345-crop,It's What's Inside,2024
strange-darling,film-poster/9/2/7/8/3/2/927832-strange-darling-0-230-0-345-crop,Strange Darling,2023
nosferatu,film-poster/5/1/4/7/1/51471-nosferatu-0-230-0-345-crop,Nosferatu,1922
blink-twice,film-poster/7/5/6/0/4/2/756042-blink-twice-0-230-0-345-crop,Blink Twice,2024
the-bikeriders,film-poster/9/0/8/3/2/7/908327-the-bikeriders-0-230-0-345-crop,The Bikeriders,2023
twister,film-poster/5/1/4/6/0/51460-twister-0-230-0-345-crop,Twister,1996
hit-man-2023,film-poster/8/7/7/0/4/6/877046-hit-man-0-230-0-345-crop,Hit Man,2023
furiosa-a-mad-max-saga,film-poster/7/0/5/2/2/1/705221-furiosa-a-mad-max-saga-0-230-0-345-crop,Furiosa: A Mad Max Saga,2024
howls-moving-castle,film-poster/4/9/0/6/2/49062-howl-s-moving-castle-0-230-0-345-crop,Howl's Moving Castle,2004
the-fall-guy-2024,film-poster/6/6/7/5/5/0/667550-the-fall-guy-0-230-0-345-crop,The Fall Guy,2024
civil-war-2024,film-poster/8/3/4/6/5/6/834656-civil-war-0-230-0-345-crop,Civil War,2024
black-mirror-joan-is-awful,sm/upload/b7/td/72/qr/BlackMirror-JoanIsAwful_2-0-230-0-345-crop,Black Mirror: Joan Is Awful,2023
beautiful-boy-2018,film-poster/3/8/4/0/5/8/384058-beautiful-boy-0-230-0-345-crop,Beautiful Boy,2018
drive-away-dolls,film-poster/8/6/1/2/5/0/861250-drive-away-dolls-0-230-0-345-crop,Drive-Away Dolls,2024
late-night-with-the-devil,film-poster/8/4/3/4/1/5/843415-late-night-with-the-devil-0-230-0-345-crop,Late Night with the Devil,2023
road-house-2024,film-poster/2/9/1/2/1/3/291213-road-house-0-230-0-345-crop,Road House,2024
the-zone-of-interest,film-poster/3/9/8/8/0/0/398800-the-zone-of-interest-0-230-0-345-crop,The Zone of Interest,2023
american-fiction,film-poster/9/5/2/8/1/2/952812-american-fiction-0-230-0-345-crop,American Fiction,2023
my-neighbor-totoro,film-poster/4/7/7/5/6/47756-my-neighbor-totoro-0-230-0-345-crop,My Neighbor Totoro,1988
all-of-us-strangers,film-poster/8/9/5/2/9/0/895290-all-of-us-strangers-0-230-0-345-crop,All of Us Strangers,2023
the-boy-and-the-heron,film-poster/4/3/8/6/9/2/438692-the-boy-and-the-heron-0-230-0-345-crop,The Boy and the Heron,2023
the-holdovers,film-poster/7/5/5/5/6/4/755564-the-holdovers-0-230-0-345-crop,The Holdovers,2023
society-of-the-snow,film-poster/8/1/3/8/4/0/813840-society-of-the-snow-0-230-0-345-crop,Society of the Snow,2023
godzilla-minus-one,film-poster/8/4/5/7/0/6/845706-godzilla-minus-one-0-230-0-345-crop,Godzilla Minus One,2023
love-actually,film-poster/5/1/6/0/2/51602-love-actually-0-230-0-345-crop,Love Actually,2003
dream-scenario,film-poster/7/3/9/6/9/1/739691-dream-scenario-0-230-0-345-crop,Dream Scenario,2023
maestro-2023,film-poster/4/5/3/0/6/9/453069-maestro-0-230-0-345-crop,Maestro,2023
tar-2022,film-poster/7/3/4/0/9/6/734096-tar-0-230-0-345-crop,TÁR,2022
may-december,sm/upload/zh/p4/cg/6v/may-december-0-230-0-345-crop,May December,2023
triangle-of-sadness,film-poster/4/2/7/9/7/0/427970-triangle-of-sadness-0-230-0-345-crop,Triangle of Sadness,2022
the-fabelmans,film-poster/7/2/1/2/8/8/721288-the-fabelmans-0-230-0-345-crop,The Fabelmans,2022
vertigo,sm/upload/q9/3o/ng/om/obhM86qyv8RsE69XSMTtT9FdE0b-0-230-0-345-crop,Vertigo,1958
blackberry-2023,film-poster/9/1/5/2/3/0/915230-blackberry-0-230-0-345-crop,BlackBerry,2023
the-killer-2023,film-poster/7/1/7/6/5/4/717654-the-killer-0-230-0-345-crop,The Killer,2023
rye-lane,film-poster/9/4/6/6/0/7/946607-rye-lane-0-230-0-345-crop,Rye Lane,2023
creep-2,film-poster/3/3/0/8/3/7/330837-creep-2-0-230-0-345-crop,Creep 2,2017
creep-2014,film-poster/1/7/4/9/2/8/174928-creep-0-230-0-345-crop,Creep,2014
videodrome,sm/upload/xw/sw/3v/st/o8psaYgwTYFpqJhHISoMq178J4n-0-230-0-345-crop,Videodrome,1983
killers-of-the-flower-moon,film-poster/3/9/8/0/0/9/398009-killers-of-the-flower-moon-0-230-0-345-crop,Killers of the Flower Moon,2023
death-becomes-her,sm/upload/rq/bc/7v/ac/qBujUtUMenca7C6HzZhd0an0Jg3-0-230-0-345-crop,Death Becomes Her,1992
trick-r-treat,sm/upload/dr/w1/yw/kh/oiW2UimyycX7Y0AaGBvvWOerTBr-0-230-0-345-crop,Trick 'r Treat,2007
the-creator-2023,film-poster/5/9/5/0/2/9/595029-the-creator-0-230-0-345-crop,The Creator,2023
happy-death-day,sm/upload/zf/k0/fc/si/cTaEIUYTt52ooq9quVbAQ7NpGwo-0-230-0-345-crop,Happy Death Day,2017
suspiria-2018,film-poster/2/9/3/0/6/6/293066-suspiria-0-230-0-345-crop,Suspiria,2018
talk-to-me-2022,film-poster/9/0/8/1/4/4/908144-talk-to-me-0-230-0-345-crop,Talk to Me,2022
the-purge,film-poster/1/1/8/1/1/0/118110-the-purge-0-230-0-345-crop,The Purge,2013
the-wonderful-story-of-henry-sugar,film-poster/8/2/9/3/6/4/829364-the-wonderful-story-of-henry-sugar-0-230-0-345-crop,The Wonderful Story of Henry Sugar,2023
past-lives,film-poster/5/9/1/0/5/3/591053-past-lives-0-230-0-345-crop,Past Lives,2023
aftersun,film-poster/8/6/8/5/5/8/868558-aftersun-0-230-0-345-crop,Aftersun,2022
teenage-mutant-ninja-turtles-mutant-mayhem,film-poster/5/4/2/0/0/5/542005-teenage-mutant-ninja-turtles-mutant-mayhem-0-230-0-345-crop,Teenage Mutant Ninja Turtles: Mutant Mayhem,2023
asteroid-city,film-poster/6/6/8/5/5/5/668555-asteroid-city-0-230-0-345-crop,Asteroid City,2023
they-cloned-tyrone,film-poster/6/5/8/9/0/6/658906-they-cloned-tyrone-0-230-0-345-crop,They Cloned Tyrone,2023
the-babadook,film-poster/1/6/9/7/2/8/169728-the-babadook-0-230-0-345-crop,The Babadook,2014
the-flash,film-poster/2/2/5/8/4/5/225845-the-flash-0-230-0-345-crop,The Flash,2023
beau-is-afraid,film-poster/7/1/5/8/5/6/715856-beau-is-afraid-0-230-0-345-crop,Beau Is Afraid,2023
the-fly-1986,film-poster/4/7/1/7/1/47171-the-fly-0-230-0-345-crop,The Fly,1986
girl-interrupted,sm/upload/1x/ad/d5/5d/vp46lgVDiFdT4Hw5WIISOPwnMaH-0-230-0-345-crop,"Girl, Interrupted",1999
legally-blonde,film-poster/4/7/5/8/6/47586-legally-blonde-0-230-0-345-crop,Legally Blonde,2001
infinity-pool,film-poster/5/9/1/9/3/1/591931-infinity-pool-0-230-0-345-crop,Infinity Pool,2023
air-2023,film-poster/8/6/8/4/9/1/868491-air-0-230-0-345-crop,Air,2023
how-to-lose-a-guy-in-10-days,sm/upload/t0/2v/iy/9c/aiB7u6xZ9RWeDTQ7c92J8AoiHj3-0-230-0-345-crop,How to Lose a Guy in 10 Days,2003
women-talking,film-poster/6/9/6/3/1/0/696310-women-talking-0-230-0-345-crop,Women Talking,2022
shiva-baby-2020,film-poster/5/8/9/0/9/3/589093-shiva-baby-0-230-0-345-crop,Shiva Baby,2020
babylon-2022,film-poster/5/4/2/7/7/3/542773-babylon-0-230-0-345-crop,Babylon,2022
the-favourite,film-poster/3/1/0/7/0/5/310705-the-favourite-0-230-0-345-crop,The Favourite,2018
in-the-mood-for-love,sm/upload/g1/7l/2j/qk/tSRdvZY1waXrTeMqeLBmq9IRs08-0-230-0-345-crop,In the Mood for Love,2000
signs,film-poster/5/0/1/5/2/50152-signs-0-230-0-345-crop,Signs,2002
point-break,film-poster/5/1/1/5/7/51157-point-break-0-230-0-345-crop,Point Break,1991
another-round,film-poster/5/0/8/2/4/6/508246-another-round-0-230-0-345-crop,Another Round,2020
moonrise-kingdom,sm/upload/v5/7f/mn/y8/ysTohGF7NY9Z6MYz9vLNYiyzh0r-0-230-0-345-crop,Moonrise Kingdom,2012
isle-of-dogs-2018,sm/upload/z2/5l/zn/to/uMcbu3qVseJGH24xUAyIVzmcQV4-0-230-0-345-crop,Isle of Dogs,2018
magnolia,film-poster/5/1/7/2/8/51728-magnolia-0-230-0-345-crop,Magnolia,1999
phantom-thread,film-poster/3/3/5/3/8/4/335384-phantom-thread-0-230-0-345-crop,Phantom Thread,2017
punch-drunk-love,film-poster/4/7/9/1/4/47914-punch-drunk-love-0-230-0-345-crop,Punch-Drunk Love,2002
scarface-1983,film-poster/5/1/9/3/9/51939-scarface-0-230-0-345-crop,Scarface,1983
dead-poets-society,film-poster/5/1/8/4/6/51846-dead-poets-society-0-230-0-345-crop,Dead Poets Society,1989
citizen-kane,film-poster/2/7/0/2/2702-citizen-kane-0-230-0-345-crop,Citizen Kane,1941
12-angry-men,film-poster/5/1/7/0/0/51700-12-angry-men-0-230-0-345-crop,12 Angry Men,1957
first-man,film-poster/3/0/5/8/1/1/305811-first-man-0-230-0-345-crop,First Man,2018
all-quiet-on-the-western-front-2022,film-poster/1/6/5/3/0/16530-all-quiet-on-the-western-front-0-230-0-345-crop,All Quiet on the Western Front,2022
the-cabin-in-the-woods,film-poster/3/7/5/9/8/37598-the-cabin-in-the-woods-0-230-0-345-crop,The Cabin in the Woods,2011
sinister,sm/upload/e2/ry/mu/yc/hrRYY7FcRc46Ue7h9jcKiW1xqJ3-0-230-0-345-crop,Sinister,2012
decision-to-leave,film-poster/6/2/9/3/2/0/629320-decision-to-leave-0-230-0-345-crop,Decision to Leave,2022
a-clockwork-orange,film-poster/5/1/8/6/7/51867-a-clockwork-orange-0-230-0-345-crop,A Clockwork Orange,1971
2001-a-space-odyssey,sm/upload/fe/jp/49/l9/eDiexVN4nO3ZdDZCDMiJOX5fQ5r-0-230-0-345-crop,2001: A Space Odyssey,1968
im-thinking-of-ending-things,film-poster/4/3/0/8/0/6/430806-i-m-thinking-of-ending-things-0-230-0-345-crop,I'm Thinking of Ending Things,2020
see-how-they-run-2022,film-poster/6/8/6/5/1/0/686510-see-how-they-run-0-230-0-345-crop,See How They Run,2022
one-flew-over-the-cuckoos-nest,sm/upload/lf/ry/hy/2e/RHteRHXqym9f0gI4cmChbFOxD-0-230-0-345-crop,One Flew Over the Cuckoo's Nest,1975
marcel-the-shell-with-shoes-on-2021,film-poster/7/8/1/3/2/6/781326-marcel-the-shell-with-shoes-on-0-230-0-345-crop,Marcel the Shell with Shoes On,2021
about-time,sm/upload/uo/th/yf/uz/zSuh8dGwqpsWR7ccvYbfxbSZ37o-0-230-0-345-crop,About Time,2013
good-will-hunting,film-poster/5/1/6/2/1/51621-good-will-hunting-0-230-0-345-crop,Good Will Hunting,1997
you-were-never-really-here,film-poster/3/3/2/4/3/7/332437-you-were-never-really-here-0-230-0-345-crop,You Were Never Really Here,2017
oldboy,film-poster/5/1/4/5/4/51454-oldboy-0-230-0-345-crop,Oldboy,2003
leon-the-professional,sm/upload/6x/vq/25/fy/gE8S02QUOhVnAmYu4tcrBlMTujz-0-230-0-345-crop,Léon: The Professional,1994
annihilation,film-poster/2/2/7/7/8/4/227784-annihilation-0-230-0-345-crop,Annihilation,2018
ford-v-ferrari,film-poster/2/9/1/4/1/9/291419-ford-v-ferrari-0-230-0-345-crop,Ford v Ferrari,2019
birdman-or-the-unexpected-virtue-of-ignorance,film-poster/1/3/9/7/9/5/139795-birdman-0-230-0-345-crop,Birdman or (The Unexpected Virtue of Ignorance),2014
the-green-knight,film-poster/4/8/8/3/9/9/488399-the-green-knight-0-230-0-345-crop,The Green Knight,2021
the-big-lebowski,film-poster/5/1/9/3/5/51935-the-big-lebowski-0-230-0-345-crop,The Big Lebowski,1998
dallas-buyers-club,film-poster/1/1/4/6/0/5/114605-dallas-buyers-club-0-230-0-345-crop,Dallas Buyers Club,2013
three-billboards-outside-ebbing-missouri,film-poster/2/9/1/6/1/0/291610-three-billboards-outside-ebbing-missouri-0-230-0-345-crop,"Three Billboards Outside Ebbing, Missouri",2017
crazy-stupid-love,film-poster/1/5/0/5/1/15051-crazy-stupid-love--0-230-0-345-crop,"Crazy, Stupid, Love.",2011
unbreakable,film-poster/4/6/8/6/6/46866-unbreakable-0-230-0-345-crop,Unbreakable,2000
thelma-louise,sm/upload/wt/r4/hc/iz/pnzuLoE52EiTfjfqRex2uTkH7LB-0-230-0-345-crop,Thelma & Louise,1991
the-big-short,film-poster/2/4/6/0/1/3/246013-the-big-short-0-230-0-345-crop,The Big Short,2015
reservoir-dogs,sm/upload/u0/4o/op/yx/g7spS2Y4SZoQoC6Hn7zoqEqdYqR-0-230-0-345-crop,Reservoir Dogs,1992
apocalypse-now,film-poster/2/6/9/0/2690-apocalypse-now-0-230-0-345-crop,Apocalypse Now,1979
the-great-gatsby-2013,film-poster/2/8/5/285-the-great-gatsby-0-230-0-345-crop,The Great Gatsby,2013
good-time,film-poster/3/6/2/3/6/2/362362-good-time-0-230-0-345-crop,Good Time,2017
the-game,sm/upload/p4/tj/oj/ph/4b7QXyDJsDFXrwVHUNlrmezCZJC-0-230-0-345-crop,The Game,1997
donnie-darko,sm/upload/ye/jq/f3/22/nmb4QhCRmdfNP6rgb81yUFgI83l-0-230-0-345-crop,Donnie Darko,2001
manchester-by-the-sea,sm/upload/i7/li/tp/62/i0t7F6b4R1wURRESAiw9VJNuVoV-0-230-0-345-crop,Manchester by the Sea,2016
whiplash-2014,sm/upload/cl/dn/kr/f1/4C9LHDxMsoYI0S3iMPZdm3Oevwo-0-230-0-345-crop,Whiplash,2014
memento,sm/upload/v1/3q/s4/aa/memento-0-230-0-345-crop,Memento,2000
blackkklansman,film-poster/4/1/8/1/3/5/418135-blackkklansman-0-230-0-345-crop,BlacKkKlansman,2018
coda-2021,film-poster/6/9/5/4/7/3/695473-coda-0-230-0-345-crop,CODA,2021
the-greatest-showman,film-poster/2/4/3/0/6/3/243063-the-greatest-showman-0-230-0-345-crop,The Greatest Showman,2017
the-french-dispatch,film-poster/4/7/1/2/0/7/471207-the-french-dispatch-0-230-0-345-crop,The French Dispatch,2021
belfast,film-poster/6/9/6/6/3/0/696630-belfast-0-230-0-345-crop,Belfast,2021
edge-of-tomorrow,film-poster/1/0/5/1/8/3/105183-edge-of-tomorrow-0-230-0-345-crop,Edge of Tomorrow,2014
stand-by-me,film-poster/5/1/8/2/1/51821-stand-by-me-0-230-0-345-crop,Stand by Me,1986
tenet,sm/upload/pq/9f/sr/vt/aCIFMriQh8rvhxpN1IWGgvH0Tlg-0-230-0-345-crop,Tenet,2020
kingsman-the-golden-circle,sm/upload/3h/o6/gc/iy/yOGf8Or1k78Y6OLdYmTTSGHW1dP-0-230-0-345-crop,Kingsman: The Golden Circle,2017
forrest-gump,film-poster/2/7/0/4/2704-forrest-gump-0-230-0-345-crop,Forrest Gump,1994
et-the-extra-terrestrial,film-poster/5/1/5/2/0/51520-e-t-the-extra-terrestrial-0-230-0-345-crop,E.T. the Extra-Terrestrial,1982
doctor-sleep,film-poster/4/3/1/1/0/9/431109-doctor-sleep-0-230-0-345-crop,Doctor Sleep,2019
the-shining,sm/upload/7s/m2/bw/d0/caoYMcjUamGoBVy65i1AHJBvdzw-0-230-0-345-crop,The Shining,1980
sing-2016,sm/upload/mn/7p/6m/zn/lW0kUtXTOVlHTVhDO2VzNBACAHX-0-230-0-345-crop,Sing,2016
the-departed,sm/upload/jr/th/pu/pb/laefkgrfa3oKwvBtWTBtf2suiI4-0-230-0-345-crop,The Departed,2006
enemy,sm/upload/sj/00/0d/n1/aQkyFHzNzZoMhxZ7c0IaK8BljED-0-230-0-345-crop,Enemy,2013
blade-runner,sm/upload/85/io/38/dz/vfzE3pjE5G7G7kcZWrA3fnbZo7V-0-230-0-345-crop,Blade Runner,1982
heat-1995,film-poster/5/1/9/9/4/51994-heat-0-230-0-345-crop,Heat,1995
ghostbusters,film-poster/6/1/6/6/6166-ghostbusters-0-230-0-345-crop,Ghostbusters,1984
edward-scissorhands,film-poster/5/1/8/8/9/51889-edward-scissorhands-0-230-0-345-crop,Edward Scissorhands,1990
nightcrawler,sm/upload/g7/2e/vi/vy/A9ANrAWlmIovxzjAIiOgseSLNc9-0-230-0-345-crop,Nightcrawler,2014
mamma-mia,sm/upload/10/5l/wu/jl/gOm2iMMbC6EonrFzmSQ8xvCa4Ei,Mamma Mia!,2008
gladiator-2000,film-poster/5/1/9/5/2/51952-gladiator-2000-0-230-0-345-crop,Gladiator,2000
the-sixth-sense,film-poster/5/1/4/0/7/51407-the-sixth-sense-0-230-0-345-crop,The Sixth Sense,1999
saving-private-ryan,sm/upload/hz/fu/r7/y7/35CMz4t7PuUiQqt5h4u5nbrXZlF-0-230-0-345-crop,Saving Private Ryan,1998
night-at-the-museum,film-poster/5/0/9/4/1/50941-night-at-the-museum-0-230-0-345-crop,Night at the Museum,2006
oceans-eleven-2001,sm/upload/cq/zv/tn/d6/5ZfdSZeP4ZDJwA3Q17SpxV6wBjF-0-230-0-345-crop,Ocean's Eleven,2001
kingsman-the-secret-service,film-poster/1/4/8/2/0/0/148200-kingsman-the-secret-service-0-230-0-345-crop,Kingsman: The Secret Service,2014
despicable-me-2,sm/upload/dz/ec/y7/pf/ek09KXB8ytg9nUb3hDUpJn7APdT-0-230-0-345-crop,Despicable Me 2,2013
elf,sm/upload/na/qh/1q/84/lJqIgDqRr3nw3PiGu7ESCANCs9I-0-230-0-345-crop,Elf,2003
28-days-later,sm/upload/qr/28/nz/3f/xaYdxi1PBEAYvqknvAmMPK5Eff3-0-230-0-345-crop,28 Days Later,2002
the-martian,film-poster/2/1/1/5/1/1/211511-the-martian-0-230-0-345-crop,The Martian,2015
misery,film-poster/5/0/8/4/6/50846-misery-0-230-0-345-crop,Misery,1990
how-to-train-your-dragon,sm/upload/0r/r7/c6/7e/hIXX3IRFy0InUOmYeWjvhCAgQNj-0-230-0-345-crop,How to Train Your Dragon,2010
train-to-busan,film-poster/3/3/0/9/1/2/330912-train-to-busan-0-230-0-345-crop,Train to Busan,2016
dunkirk-2017,sm/upload/md/nb/pu/3i/bOXBV303Fgkzn2K4FeKDc0O31q4-0-230-0-345-crop,Dunkirk,2017
fight-club,film-poster/5/1/5/6/8/51568-fight-club-0-230-0-345-crop,Fight Club,1999
dawn-of-the-planet-of-the-apes,film-poster/9/4/3/9/4/94394-dawn-of-the-planet-of-the-apes-0-230-0-345-crop,Dawn of the Planet of the Apes,2014
rise-of-the-planet-of-the-apes,film-poster/4/9/4/8/4948-rise-of-the-planet-of-the-apes-0-230-0-345-crop,Rise of the Planet of the Apes,2011
the-shawshank-redemption,sm/upload/7l/hn/46/uz/zGINvGjdlO6TJRu9wESQvWlOKVT-0-230-0-345-crop,The Shawshank Redemption,1994
no-time-to-die-2021,film-poster/3/0/5/9/6/4/305964-no-time-to-die-0-230-0-345-crop,No Time to Die,2021
the-brutalist,film-poster/4/7/8/4/2/8/478428-the-brutalist-0-230-0-345-crop,The Brutalist,2024
a-complete-unknown,film-poster/5/8/6/5/8/3/586583-a-complete-unknown-0-230-0-345-crop,A Complete Unknown,2024
my-old-ass,film-poster/8/5/2/5/3/1/852531-my-old-ass-0-230-0-345-crop,My Old Ass,2024
queer-2024,film-poster/9/5/5/1/8/4/955184-queer-2024-0-230-0-345-crop,Queer,2024
beetlejuice-beetlejuice,film-poster/8/2/3/6/4/8/823648-beetlejuice-beetlejuice-0-230-0-345-crop,Beetlejuice Beetlejuice,2024
la-chimera,film-poster/7/5/2/6/2/6/752626-la-chimera-0-230-0-345-crop,La Chimera,2023
easy-a,film-poster/2/6/7/7/0/26770-easy-a-0-230-0-345-crop,Easy A,2010
are-you-there-god-its-me-margaret,film-poster/4/8/3/9/5/1/483951-are-you-there-god-it-s-me-margaret--0-230-0-345-crop,"Are You There God? It's Me, Margaret.",2023
red-white-royal-blue,film-poster/8/3/5/4/1/7/835417-red-white-royal-blue-0-230-0-345-crop,"Red, White & Royal Blue",2023
the-worst-person-in-the-world,film-poster/5/8/5/2/5/8/585258-the-worst-person-in-the-world-0-230-0-345-crop,The Worst Person in the World,2021
dazed-and-confused,film-poster/4/7/0/2/9/47029-dazed-and-confused-0-230-0-345-crop,Dazed and Confused,1993
saturday-night-2024,film-poster/1/0/1/0/6/8/3/1010683-saturday-night-0-230-0-345-crop,Saturday Night,2024
notting-hill,sm/upload/pa/ej/k3/ft/notting-hill-0-230-0-345-crop,Notting Hill,1999
when-harry-met-sally,film-poster/5/1/4/8/5/51485-when-harry-met-sally--0-230-0-345-crop,When Harry Met Sally...,1989
the-bling-ring,film-poster/7/9/8/9/3/79893-the-bling-ring-0-230-0-345-crop,The Bling Ring,2013
the-craft,film-poster/4/7/3/4/5/47345-the-craft-0-230-0-345-crop,The Craft,1996
before-midnight,film-poster/1/0/2/4/4/4/102444-before-midnight-0-230-0-345-crop,Before Midnight,2013
crash,sm/upload/h5/38/gr/q3/4PDLGJsS5uVBQlYjLMZ7t85dU0P-0-230-0-345-crop,Crash,1996
pride-prejudice,sm/upload/nq/jo/26/tn/dAC0hkYmz5ZOCHURZCyj9isPMPd-0-230-0-345-crop,Pride & Prejudice,2005
perfect-blue,film-poster/4/6/1/7/5/46175-perfect-blue-0-230-0-345-crop,Perfect Blue,1997
happiest-season,film-poster/4/4/9/7/7/1/449771-happiest-season-0-230-0-345-crop,Happiest Season,2020
minari,film-poster/5/4/2/4/4/9/542449-minari-0-230-0-345-crop,Minari,2020
the-holiday,film-poster/5/0/9/5/3/50953-the-holiday-0-230-0-345-crop,The Holiday,2006
bridget-joness-diary,sm/upload/0u/jf/ve/sc/ydsXlFK0fmOphAIjqsmf5U6j1LU-0-230-0-345-crop,Bridget Jones's Diary,2001
to-all-the-boys-ive-loved-before,film-poster/3/9/7/9/4/2/397942-to-all-the-boys-i-ve-loved-before-0-230-0-345-crop,To All the Boys I've Loved Before,2018
love-simon,film-poster/3/8/1/3/4/0/381340-love-simon-0-230-0-345-crop,"Love, Simon",2018
yesterday-2019,film-poster/4/4/4/7/9/9/444799-yesterday-0-230-0-345-crop,Yesterday,2019
before-sunrise,film-poster/5/1/9/7/4/51974-before-sunrise-0-230-0-345-crop,Before Sunrise,1995
y2k-2024,film-poster/9/8/6/2/5/7/986257-y2k-0-230-0-345-crop,Y2K,2024
didi-2024,film-poster/1/0/4/5/1/1/5/1045115-didi--0-230-0-345-crop,Dìdi (弟弟),2024
game-night,film-poster/3/7/8/0/4/8/378048-game-night-0-230-0-345-crop,Game Night,2018
juno,film-poster/4/8/0/5/1/48051-juno-0-230-0-345-crop,Juno,2007
zola,sm/upload/mm/d1/e8/u5/zola-0-230-0-345-crop,Zola,2020
13-going-on-30,sm/upload/um/45/8m/or/t0c3qxcKSaO4iBYVAzIeyPbC8I1-0-230-0-345-crop,13 Going on 30,2004
eraserhead,sm/upload/cw/7x/ig/m6/l8oAmU5swopsyWzTHpZtAK15Mrc-0-230-0-345-crop,Eraserhead,1977
groundhog-day,film-poster/5/1/9/1/4/51914-groundhog-day-0-230-0-345-crop,Groundhog Day,1993
20th-century-women,sm/upload/k1/lp/gd/60/mfmOHQRAiypRJQ8uSO7r2ZBVtur-0-230-0-345-crop,20th Century Women,2016
hustlers-2019,film-poster/4/6/9/9/7/1/469971-hustlers-0-230-0-345-crop,Hustlers,2019
the-florida-project,film-poster/3/2/8/5/3/8/328538-the-florida-project-0-230-0-345-crop,The Florida Project,2017
before-sunset,film-poster/5/1/9/7/0/51970-before-sunset-0-230-0-345-crop,Before Sunset,2004
the-wizard-of-oz-1939,film-poster/5/1/4/9/4/51494-the-wizard-of-oz-0-230-0-345-crop,The Wizard of Oz,1939
sorry-to-bother-you,sm/upload/pi/8d/sk/jg/wdiJKxlyg3bzqZgRsNcIfoaQs1O-0-230-0-345-crop,Sorry to Bother You,2018
ferris-buellers-day-off,film-poster/4/7/2/1/9/47219-ferris-bueller-s-day-off-0-230-0-345-crop,Ferris Bueller's Day Off,1986
the-swan-2023,film-poster/1/0/5/9/4/5/6/1059456-the-swan-0-230-0-345-crop,The Swan,2023
poison-2023,film-poster/1/0/5/9/4/5/5/1059455-poison-0-230-0-345-crop,Poison,2023
singin-in-the-rain,sm/upload/xc/8e/3x/nt/nUP6Kna8oiUl2VNbEQ4BJhTcpO8-0-230-0-345-crop,Singin' in the Rain,1952
climax-2018,film-poster/4/3/6/8/7/3/436873-climax-0-230-0-345-crop,Climax,2018
mamma-mia-here-we-go-again,film-poster/3/9/0/2/6/4/390264-mamma-mia-here-we-go-again-0-230-0-345-crop,Mamma Mia! Here We Go Again,2018
